{"CENPE": "BUB1B", "KLF4": "VDR", "FGFR4": "STAT3", "GATA2": "NOS3", "RARA": "SCD", "LIMD1": "HIF1A", "AXL": "PIK3CG", "CIITA": "HLA-C", "MOB1B": "LATS1", "PPP2CA": "PRKACA", "MAP3K5": "CDKN1A", "MST1": "STK4", "BARD1": "ESR1", "MAPK3": "ZFP36", "IER3": "PPP2R5C", "PPARG": "VLDLR", "TP53BP2": "TP53", "PMS2": "TP73", "CASP7": "PSEN1", "TBL1X": "CTNNB1", "LEF1": "MITF", "NCOA2": "RARA", "KHSRP": "CDKN1A", "PIM1": "CDKN1A", "ID3": "TCF3", "BMI1": "CDKN2A", "SFN": "SNAI1", "CFLAR": "FADD", "FGFR3": "PLCG1", "SMAD7": "PPP1CA", "MYC": "WRN", "EDNRB": "GNAI1", "ATF2": "RELA", "SH3KBP1": "JAK2", "SOCS3": "RASA1", "CDC20": "UBE2S", "AATF": "MYC", "RBBP7": "CDH1", "BCOR": "HDAC5", "ZFYVE9": "SMAD2", "CTCF": "PAX6", "TGFBR2": "PIK3R2", "ITGAV": "CSK", "CTBP1": "BRCA2", "MUC1": "KLF4", "STAT2": "STAT1", "NFYC": "FXR2", "BRD7": "E2F3", "EGLN3": "BCL2L11", "NR3C1": "CDKN1A", "RECQL4": "POLB", "MDM4": "TP53", "IKBKB": "CD44", "HNF1A": "ESR1", "CHEK2": "KIT", "MAPK9": "SHC1", "TRPC1": "PKD2", "DLX5": "MYC", "CCND3": "CCNE1", "MAX": "ODC1", "CDK3": "JUN", "MSH2": "ATR", "BIRC3": "CASP3", "SPHK2": "HDAC2", "PER1": "BCL2", "SHC1": "SOS1", "DDB1": "E2F1", "ERCC5": "PCNA", "TYK2": "STAT3", "AMOTL2": "SRC", "BCL2L2": "BIK", "ESR1": "VEGFA", "JUNB": "BCL2L1", "NUMB": "TP53", "PEA15": "MAPK3", "RIPK1": "TRAF6", "NCOA1": "CDKN1A", "MXD1": "PTEN", "PIK3R1": "RAC1", "CDKN1A": "FEN1", "XRCC1": "POLB", "PAK1": "BRAF", "GAB2": "LCP2", "GNAQ": "GSK3B", "RAC1": "PIP5K1C", "CDKN2A": "CDK2", "GAPDH": "APEX1", "RUNX3": "TRAF6", "TCF7L2": "STARD7", "MCM10": "POLA1", "PMAIP1": "GMCL1", "SRSF1": "NFKB1", "MDM2": "DNMT3A", "TERF2": "WRN", "ACTN1": "PLD1", "RELA": "OPTN", "PERP": "NFKB1", "CAV1": "SLC1A3", "ITGA4": "CSK", "BLM": "TP53", "SUMO1": "CTBP1", "COP1": "CEBPB", "IL6ST": "GAB2", "HMGA2": "CDH1", "A2M": "LRP1", "MCL1": "BAK1", "SMAD4": "ATF1", "UVRAG": "BECN1", "CASP8AP2": "NFKB1", "ILF3": "BIRC5", "RAB7A": "RAC1", "HTT": "PAK2", "ZBTB4": "CDKN1A", "BIRC5": "CASP9", "CDC34": "NFKBIA", "DAXX": "TGFBR2", "RNF5": "PXN", "SIRT1": "XPC", "FANCL": "FANCI", "VCP": "AURKA", "TNFAIP3": "RELA", "ZFP36": "VEGFA", "JUN": "RHOB", "ARNT": "FOS", "SETD2": "STAT1", "UIMC1": "MDM2", "XPC": "RNF111", "MIF": "SOD1", "TCF12": "CDH1", "KAT2A": "SMAD7", "SIAH1": "NOTCH1", "BCL2": "XRCC6", "TRAF2": "ZFP36", "TCF3": "POU5F1", "EIF2AK2": "NFKBIA", "MAP2K4": "RXRA", "ITGB1": "CSK", "SMAD2": "DAPK1", "PIDD1": "CASP2", "NFYB": "FXR2", "BRAF": "MAP4K1", "NCOR1": "SNAI2", "NMI": "STAT1", "RAD52": "RAD51", "KREMEN2": "LRP6", "NFKBIA": "TRAF1", "FOXO3": "FOXM1", "ENO1": "MYC", "OS9": "EGLN3", "SAV1": "STK3", "CHEK1": "E2F3", "MTA1": "SNAI2", "ESPL1": "SMC1A", "IGF2BP1": "ACTB", "SYK": "EZR", "MAD2L1": "CDC20", "EP300": "VEGFA", "RBL1": "TFDP1", "YBX1": "TYMS", "ERBB2": "CDK1", "RHEB": "RAF1", "MCPH1": "BRCA1", "MBD2": "GSTP1", "FANCM": "BHLHE40", "ID1": "AKT1", "PADI4": "NPM1", "CREBBP": "HOXA10", "MYCN": "TP53INP1", "POLH": "REV1", "TP63": "VDR", "STAT3": "ZFP36", "CYCS": "CASP9", "DDIT3": "SIRT1", "SKP2": "DAB2IP", "SOD1": "BCL2", "CARD8": "APAF1", "PIK3R2": "RAC1", "TRAF6": "VEGFA", "HIF1A": "ZNF217", "CCND2": "CDK6", "DIABLO": "BIRC3", "HNRNPK": "EIF4E", "TRAF1": "TRAF2", "VEGFB": "KDR", "PPM1D": "MAPK14", "ATF3": "LDLR", "DDB2": "SOD2", "FANCC": "BLM", "IKBKG": "NFKBIA", "IRAK1": "STAT3", "NLK": "NOTCH1", "WRN": "POLD4", "XRCC5": "ETS1", "COX5B": "APAF1", "EIF4EBP1": "EIF4E", "TSC1": "RHEB", "NCK1": "PAK1", "CASP2": "RIPK1", "NR1I2": "RELA", "MECP2": "ESR1", "RIPK2": "IRF5", "TP53INP1": "MAP1LC3A", "TP53RK": "TP53", "ASF1B": "CHAF1B", "TWIST1": "YBX1", "PPARA": "NFKBIA", "FLI1": "TGFBR2", "ASF1A": "EP300", "CLSPN": "UBE2B", "THRA": "GATA2", "CASP3": "BAD", "HNF4A": "LDLR", "NCOR2": "CTBP1", "DAG1": "PRKCA", "DNMT1": "VEGFA", "SNAI1": "VDR", "MAPK14": "RARA", "CDH3": "CTNNB1", "CD2AP": "ACTB", "PRKAB1": "IRS1", "CDC42": "GSK3B", "EGLN2": "FOXO3", "TOPBP1": "POLA1", "ZNF217": "CDH1", "ETV4": "VIM", "PRKACA": "RARA", "RPS6KB1": "TP63", "AXIN1": "RNF111", "GNA12": "RHOA", "GNB2": "IRS1", "NPM1": "ATF5", "PAX5": "TP53", "RABGGTA": "RAB5A", "PER2": "TWIST1", "ETV6": "MAD2L1", "GTF2I": "SIRT1", "PARP1": "MRE11", "E2F8": "E2F1", "NR4A3": "PPARG", "PRKDC": "MDM2", "JUND": "MYB", "MAP3K11": "MAP2K4", "ITGA5": "CSK", "XPO1": "SMAD4", "ELAVL1": "MDM2", "NFE2L2": "CFTR", "MYB": "LCK", "GADD45A": "MAPK14", "REV1": "REV3L", "PITX2": "LEF1", "PIK3CG": "RAC1", "CCND1": "CDK4", "RBX1": "NFKB2", "HELLS": "DNMT1", "BNIP2": "CDC42", "PTTG1": "VEGFA", "TAX1BP1": "TNFAIP3", "FADD": "RIPK1", "SUZ12": "TWIST1", "BNIP3L": "GABARAPL1", "CTSD": "APP", "MAP3K14": "NCK1", "IKBKE": "ESR1", "ING1": "CASP3", "PAX6": "MET", "ARAF": "MAPK3", "CEBPA": "SOCS3", "EPHA2": "PIK3R2", "E2F6": "APAF1", "ITGB2": "CSK", "MAPK8": "NPM1", "DDR1": "SHC1", "E2F3": "AURKA", "XRCC3": "RAD51", "SMARCB1": "CDKN2A", "RHOA": "MSN", "GDF15": "ERBB2", "MYBL2": "MYC", "MST1R": "MET", "TRRAP": "MITF", "APAF1": "CASP9", "TFAP4": "MDM2", "BAX": "COX5B", "PRC1": "KIF23", "CSNK1A1": "FOXO4", "CUL1": "CDKN1B", "KPNB1": "SMAD3", "CDT1": "MCM2", "AKT1S1": "RPTOR", "BCL2L1": "VDAC1", "CDC7": "MCM2", "CDKN2AIP": "TP53", "PPM1A": "IKBKB", "EEF1A1": "PLCG1", "MAPK1": "RARA", "SIN3A": "E2F1", "RASSF1": "MST1", "E2F7": "SP1", "PTEN": "SHC1", "RAN": "XPOT", "STK4": "MAP2K4", "IRF9": "PML", "TRIP11": "THRA", "FYN": "PLD2", "MVD": "RAC1", "ATF1": "MITF", "MSH6": "BLM", "TP53BP1": "RIF1", "PALB2": "POLH", "WEE1": "CDK2", "TRIO": "RHOA", "EGLN1": "HIF1A", "EIF4E": "SMAD4", "PLCG1": "VAV2", "ARRB1": "DVL2", "SMAD3": "DAPK1", "SIAH2": "SNCAIP", "PML": "UBA7", "TFDP1": "TYMS", "FOXO1": "EGR1", "HRAS": "SDC2", "HMGA1": "XPA", "XRCC6": "UBE2S", "SDC4": "RAC1", "CLK2": "PTPN1", "WWTR1": "BAX", "EZH2": "SATB1", "ITGB3": "CSK", "CKS1B": "CDK1", "RBL2": "RAD51", "SREBF2": "LRP1", "ARRB2": "GNAI3", "ZFP36L1": "VEGFA", "XIAP": "CASP3", "ABL1": "MAP4K1", "ETS2": "MDM2", "CASP1": "SPHK2", "HOXA10": "TP53", "NFKBIB": "NFKB1", "GATA4": "NOS3", "SPI1": "PEBP1", "IRF1": "MYB", "KLF11": "SIN3A", "VEGFA": "EGFR", "ETS1": "TGFBR2", "IFI16": "MYC", "HTRA2": "PEA15", "PTPN6": "ACTN1", "LRP6": "DVL1", "HIPK2": "VIM", "KEAP1": "RAC1", "NFKB2": "SND1", "JAK2": "GAB2", "NDRG1": "RAB4A", "TNFRSF10A": "TRADD", "CASP9": "VIM", "PEBP1": "RAF1", "PAK2": "JUN", "MED14": "STAT2", "ULK1": "GABARAP", "PSEN1": "CTNNB1", "TBP": "NF1", "NCOA3": "BCL2", "NRF1": "PRDX3", "NR4A2": "NR3C1", "TP53": "VEGFA", "HSPA8": "RNF5", "SNAI2": "VDR", "STAT5A": "SUMO1", "PTK2": "TRIO", "PHB2": "ARNT", "SKP1": "CUL1", "NOTCH1": "RBPJ", "MEF2C": "NR4A1", "MLH1": "PMS2", "HSP90AB1": "CBLL1", "VHL": "VEGFA", "SIVA1": "BCL2L1", "ATF4": "VEGFA", "ATRIP": "BRCA1", "BMF": "BCL2L2", "TRADD": "FADD", "MAP3K8": "MAPK1", "DTL": "CUL4A", "CASP8": "PSEN2", "BAD": "TP53", "FANCD2": "BRCA2", "GNAI1": "RAC1", "LATS1": "WWTR1", "RAF1": "MAP4K1", "TLK2": "ASF1A", "BCL2L11": "BAK1", "USP7": "PPARG", "RB1": "VEGFA", "RPA2": "ATRIP", "TNFRSF21": "TRADD", "CASP10": "RIPK1", "AMOT": "WWTR1", "RRM2B": "RRM1", "GSTP1": "TRAF2", "GSK3B": "BORA", "PTPA": "AKT3", "BCL3": "EGFR", "XBP1": "HSPA5", "TP73": "PMAIP1", "ARID3A": "PML", "CDKN1B": "CCND3", "NCK2": "PAK1", "GRB2": "VAV2", "EIF4B": "EIF4A1", "TFAP2A": "VEGFA", "RAP1A": "RAF1", "TCF7": "LEF1", "GNAI2": "SRC", "FHL2": "CDKN1B", "NOD1": "MAPK8", "KRAS": "TCF3", "PKN2": "CDC25B", "PCNA": "REV3L", "TLN1": "ITGB2", "BUB1B": "CDC20", "AKT1": "THRA", "MITF": "PPARGC1A", "CBX4": "CTCF", "ITGA6": "CSK", "UBE2A": "PCNA", "CDC25A": "MAPK3", "CRADD": "CASP2", "KAT5": "ERCC1", "PIAS3": "MUC1", "CD19": "PIK3R1", "BNIP3": "RHEB", "HSPD1": "BAX", "PDGFRB": "FER", "NRIP1": "PPARA", "NR4A1": "TIMP2", "PTPN1": "KRT8", "DOCK1": "RAC1", "RNF111": "SMAD3", "SMAD1": "SMAD4", "SMARCA4": "FOS", "SATB1": "SPI1", "BID": "CYCS", "PDK1": "PRKACA", "ACTB": "CTTN", "BAK1": "DIABLO", "MOB1A": "LATS1", "FLNA": "MAP2K4", "ITGB7": "CSK", "CREB1": "SNAI2", "BCL10": "IKBKG", "TGFB1": "PIK3R1", "REL": "TNFAIP3", "IRF7": "ATF4", "SP3": "YY1", "ATR": "XRCC3", "DAB2IP": "STAT3", "LATS2": "YWHAG", "HSPB1": "AR", "E2F2": "EED", "BIK": "BCL2L1", "SP1": "INSR", "ERCC8": "XPA", "GAB1": "PLCG1", "CEBPB": "XBP1", "BCL6": "SUMO1", "CASP6": "PSEN2", "TSC2": "RHEB", "UBE2N": "PCNA", "KAT2B": "SMAD4", "PRKAA1": "DNMT1", "IRF5": "PDLIM7", "AURKB": "YY1", "NFKB1": "OPTN", "CDH1": "ARPC1B", "FOXO4": "HIF1A", "ATM": "BUB1", "LRP5": "AXIN1", "FOS": "SMAD7", "FOXM1": "CDKN2A", "UBE4B": "PTTG1", "TRAF3": "TBK1", "BRCA2": "POLH", "FGFR1": "AMOTL2", "TIAM1": "RAC1", "RASA1": "CAV2", "YAP1": "TP73", "PTPN11": "HOXA10", "ITGA3": "CSK", "CRK": "MAP4K1", "FAS": "CASP8AP2", "LCK": "VAV2", "BRCA1": "VEGFA", "YY1": "TOP3A", "GSK3A": "RELA", "GNA13": "RHOA", "IL2RB": "SHC1", "PXN": "CRK", "BIRC2": "CASP9", "RAD21": "RUNX1", "CTNNBIP1": "CTNNB1", "SGK1": "MAPK1", "IRS1": "ATM", "CTNNB1": "STARD7", "WWOX": "SMAD4", "TCF4": "VIM", "AKT3": "BMI1", "PIAS1": "MUC1", "FER": "AR", "PPP2R5C": "ATF1", "MUTYH": "ATR", "ID2": "SNAI1", "PDPK1": "ITGB1", "E2F1": "WWOX", "STAT1": "MUC1", "KIF4A": "PRC1", "NFYA": "SP3", "FBXW7": "DAB2IP", "IRF4": "IRF3", "EGR1": "VEGFA", "POU5F1": "ITGA6", "SH3RF1": "MAPK8", "CSK": "IRS1", "STK3": "RCC1", "CHUK": "TSC2", "ANP32A": "CASP9", "PAX3": "BCL2L1", "HSP90AA1": "FLCN", "TIMP2": "LRP2", "VDR": "TPT1", "SRC": "EZR", "XPA": "ERCC1", "SKI": "MDM2", "APC": "SGK1", "ZBTB17": "CDKN1A", "UHRF1": "RB1", "TNFRSF10B": "TRADD", "SOX2": "NTRK3", "PLK1": "ROCK2", "APEX1": "RELA", "BCAR1": "PIK3R1", "RAD50": "BRCA1", "MED1": "AURKA", "BUB1": "SMC1A", "RAP1GAP": "RAP1A", "MYD88": "TRAF3", "HSF2": "HSPA4", "PAXIP1": "ATM", "TNKS2": "TERF1", "CYLD": "TRAF2", "SNCB": "TP53", "CDCA5": "SMC3", "PKMYT1": "CDK1", "DCTN6": "PLK1", "NF1": "MYC", "DVL2": "RBPJ", "PPP1R14A": "PPP1CB", "RACGAP1": "RAC1", "NFKBIE": "NFE2L2", "HEXIM1": "CCND1", "RAP1B": "BRAF", "PIN1": "XPO5", "STAG2": "RAD21", "DVL3": "RAC1", "TOPORS": "TP53", "ING4": "SKP2", "RUNX1": "VEGFA", "MAD2L1BP": "TRIP13", "HSF1": "POLK", "PTPN12": "PIN1", "BORA": "AURKA", "TANK": "TRAF2", "KAT7": "MCM2", "DVL1": "PI4K2B", "FBXO5": "FZR1", "ROCK2": "NOS3", "SUN1": "NXF1", "LRRK2": "RAB8A", "CEP192": "AURKA", "GRB10": "PIK3CA", "ANAPC1": "CTNNB1", "DAPK1": "PIN1", "NUP153": "SMAD3", "ATG7": "ATG5", "MRE11": "PIH1D1", "EVI5": "FBXO5", "FZR1": "CDC25A", "TBK1": "IKBKB", "ECT2": "CDC42", "SNCA": "VAMP2", "PTK2B": "CTTN", "PLCG2": "CDKN1A", "PPP1CB": "TP53", "BTK": "NFKBIA", "DUSP3": "ERBB2", "NTRK2": "PLCG1", "CTTN": "ACTB", "NRAS": "PIK3CG", "RIN1": "NRAS", "SSH1": "CORO1B", "SOS2": "KRAS", "ABL2": "WASL", "WASL": "ARPC1B", "VAV2": "PLCG1", "YWHAH": "CDKN1B", "LCP2": "PLCG1", "LAT": "PIK3CA", "PRKD1": "MBP", "PPP1CA": "STAT3", "FAM83G": "CD2AP", "CBL": "KIT", "SOS1": "NRAS", "ZAP70": "DUSP3", "PKD2": "TRPC1", "ITGAE": "CSK", "PRKCA": "YWHAH", "MAP4K1": "LCP2"}