{"TP53": "VEGFA", "EIF4EBP1": "EIF4E", "CREB1": "SNAI2", "APC": "SGK1", "SIN3A": "E2F1", "NCK2": "PAK1", "BCOR": "HDAC5", "LCK": "ABL1", "MST1": "STK4", "SFN": "SNAI1", "COX5B": "APAF1", "RAD50": "BRCA1", "BRCA2": "POLH", "SKI": "MDM2", "CEBPB": "RUNX2", "GNA12": "RHOA", "HNRNPK": "EIF4E", "TBL1X": "CTNNB1", "SUMO1": "CTBP1", "EGLN2": "FOXO3", "FLNA": "MAP2K4", "PXN": "CRK", "KLF11": "SIN3A", "SH3RF1": "MAPK8", "ACTB": "ABL1", "IKBKG": "NFKBIA", "RAP1A": "RAF1", "HSP90AA1": "FLCN", "NFKBIA": "TRAF1", "SMARCB1": "CDKN2A", "NCK1": "PAK1", "NCOR2": "CTBP1", "MYCN": "TP53INP1", "RASSF1": "MST1", "SIRT1": "XPC", "TGFBR2": "PIK3R2", "MAP2K4": "RXRA", "ETS2": "MDM2", "VCP": "AURKA", "IRF3": "ISG15", "PTPN11": "HOXA10", "IFI16": "MYC", "PAX5": "TP53", "YAP1": "TP73", "PPARG": "VLDLR", "ATF2": "RELA", "STAT5A": "SUMO1", "FBXW7": "DAB2IP", "PALB2": "POLH", "SKP1": "CUL1", "UBE2N": "PCNA", "UBE4B": "PTTG1", "BIRC2": "CASP9", "VDR": "TPT1", "JUND": "MYB", "KAT2A": "SMAD7", "GTF2I": "SIRT1", "BAX": "COX5B", "SP3": "YY1", "BCL10": "IKBKG", "RNF111": "SMAD3", "PTPA": "AKT3", "VEGFB": "KDR", "CTSD": "APP", "FANCD2": "BRCA2", "SOX2": "VIM", "RECQL4": "POLB", "EGLN3": "BCL2L11", "ETS1": "TGFBR2", "MXD1": "PTEN", "MAPK14": "RARA", "LATS2": "YWHAG", "ITGB2": "CSK", "PPP2CA": "PRKACA", "BCL2L1": "VDAC1", "GRB2": "GAB1", "NR3C1": "CDKN1A", "ID2": "SNAI1", "FOXO3": "FOXM1", "TRAF3": "MAP3K14", "AATF": "MYC", "HMGA2": "CDH1", "BNIP3L": "GABARAPL1", "CTNNB1": "STARD7", "TCF12": "CDH1", "ITGB7": "CSK", "BCAR1": "PIK3R1", "IRF4": "IRF3", "PIM1": "CDKN1A", "ASF1B": "CHAF1B", "SOD1": "BCL2", "MYBL2": "MYC", "CHEK2": "KIT", "ENO1": "MYC", "PTK2": "TRIO", "MLH1": "PMS2", "BNIP2": "CDC42", "ASF1A": "EP300", "FOXM1": "CDKN2A", "TSC2": "RHEB", "ID3": "TCF3", "CFLAR": "FADD", "AXL": "PIK3CG", "ZFP36": "VEGFA", "MOB1B": "LATS1", "NCOA1": "CDKN1A", "XBP1": "HSPA5", "MUTYH": "ATR", "PAK1": "BRAF", "FHL2": "CDKN1B", "CDK3": "JUN", "TGFB1": "PIK3R1", "HSPB1": "AR", "RBL1": "TFDP1", "YBX1": "TYMS", "DTL": "CUL4A", "PTPN1": "KRT8", "TRIP11": "THRA", "PITX2": "LEF1", "OS9": "EGLN3", "UIMC1": "MDM2", "NLK": "NOTCH1", "TSC1": "RHEB", "ARRB1": "GNAI3", "CENPE": "BUB1B", "MAP3K5": "CDKN1A", "CBX4": "CTCF", "HIF1A": "ZNF217", "PSEN1": "CTNNB1", "WWTR1": "BAX", "ERCC8": "XPA", "TRAF1": "TRAF2", "PERP": "NFKB1", "RAC1": "PIP5K1C", "SUZ12": "TWIST1", "KPNB1": "SMAD3", "PIAS3": "MUC1", "PER2": "TWIST1", "UHRF1": "RB1", "EP300": "HINFP", "FGFR4": "STAT3", "FANCM": "TOPBP1", "SREBF2": "LRP1", "EEF1A1": "PLCG1", "BAD": "TP53", "NMI": "STAT1", "PARP1": "H2AZ1", "TP53BP2": "TP53", "AKT3": "BMI1", "NFKB2": "SND1", "RBL2": "RAD51", "IRS1": "ATM", "FGFR1": "AMOTL2", "MCL1": "BAK1", "SP1": "SOX9", "AMOT": "WWTR1", "ITGA6": "CSK", "NR4A2": "NR3C1", "TNFRSF10A": "TRADD", "CIITA": "HLA-C", "PTEN": "SHC1", "DDB2": "SOD2", "LATS1": "WWTR1", "HTT": "PAK2", "USP7": "PPARG", "MECP2": "ESR1", "CTNNBIP1": "CTNNB1", "NUMB": "TP53", "RB1": "VEGFA", "HSPA8": "RNF5", "NFKB1": "XIAP", "IGF2BP1": "ACTB", "BCL6": "SUMO1", "GSK3B": "ZYX", "RBBP7": "CDH1", "PRKAB1": "IRS1", "PCNA": "REV3L", "SOCS3": "RASA1", "MVD": "RAC1", "RIPK2": "IRF5", "CDT1": "MCM2", "SATB1": "SPI1", "TYK2": "STAT3", "EGLN1": "HIF1A", "RIPK1": "TRAF6", "ZFP36L1": "VEGFA", "BUB1B": "CDC20", "GAB1": "PLCG1", "IRAK1": "STAT3", "TAX1BP1": "TNFAIP3", "IRF5": "PDLIM7", "CDC25A": "MAPK3", "NFYB": "FXR2", "TCF3": "POU5F1", "ERBB2": "CDK1", "JUN": "MEF2D", "ITGA3": "CSK", "ITGAV": "CSK", "FOS": "SMAD7", "CASP2": "RIPK1", "ITGA4": "CSK", "HIPK2": "VIM", "ID1": "AKT1", "PIK3R1": "RAC1", "EPHA2": "PIK3R2", "PADI4": "NPM1", "YY1": "VEGFB", "SMAD7": "MET", "PIK3R2": "RAC1", "MAP3K11": "MAP2K4", "CD2AP": "ACTB", "ARNT": "FOS", "NPM1": "PTPN6", "E2F7": "SP1", "TFDP1": "TYMS", "MDM4": "TP53", "MUC1": "KLF4", "ESR1": "VEGFA", "EIF4B": "EIF4A1", "HNF1A": "ESR1", "HSPD1": "BAX", "WWOX": "SMAD4", "SMARCA4": "FOS", "EIF4E": "SMAD4", "MAPK8": "NPM1", "GDF15": "ERBB2", "BCL2L2": "BIK", "ATRIP": "BRCA1", "EIF2AK2": "NFKBIA", "TLN1": "ITGB2", "BNIP3": "RHEB", "NRIP1": "PPARA", "DLX5": "MYC", "ATM": "HERC2", "SIAH2": "SNCAIP", "XPC": "RNF111", "CDC42": "GSK3B", "DIABLO": "BIRC3", "TLK2": "ASF1A", "SMAD4": "MEF2A", "TRIO": "RHOA", "ELAVL1": "MDM2", "E2F2": "EED", "MYB": "LCK", "FANCC": "BLM", "BIK": "BCL2L1", "SHC1": "PIK3CA", "ILF3": "BIRC5", "MAP3K14": "NCK1", "POU5F1": "ITGA6", "TERF2": "WRN", "CKS1B": "CDK1", "RNF5": "PXN", "NFYA": "SP3", "MCM10": "POLA1", "TP63": "VDR", "MAPK3": "ZFP36", "GNB2": "IRS1", "CDC7": "MCM2", "CRADD": "CASP2", "KEAP1": "RAC1", "CASP8AP2": "NFKB1", "PIK3CG": "RAC1", "BRD7": "E2F3", "HNF4A": "LDLR", "CCND2": "CDK6", "ITGB1": "CSK", "ZBTB17": "CDKN1A", "DOCK1": "RAC1", "CEBPA": "SOCS3", "AMOTL2": "SRC", "GNAI1": "RAC1", "GNAI2": "SRC", "CAV1": "SLC1A3", "ULK1": "GABARAP", "KAT2B": "SMAD4", "POLH": "REV1", "IL6ST": "GAB2", "FER": "AR", "HMGA1": "XPA", "PAX3": "BCL2L1", "CSNK1A1": "FOXO4", "KRAS": "TCF3", "NOTCH1": "TCF3", "HSP90AB1": "CBLL1", "STAT3": "ZFP36", "PPP1R13B": "TP53", "CDKN1B": "CCND3", "DNMT1": "VEGFA", "CASP9": "VIM", "UBE2A": "PCNA", "CHUK": "TSC2", "PER1": "BCL2", "PHB2": "ARNT", "PPM1A": "IKBKB", "SMAD2": "MEF2A", "BCL3": "EGFR", "NCOA3": "BCL2", "CLSPN": "UBE2B", "GNA13": "RHOA", "FAS": "CASP8AP2", "MED1": "AURKA", "CASP3": "BAD", "SDC4": "RAC1", "PKN2": "CDC25B", "CREBBP": "HINFP", "DAXX": "TGFBR2", "E2F3": "AURKA", "E2F6": "APAF1", "CARD8": "APAF1", "TFAP4": "MDM2", "PRKAA1": "DNMT1", "SYK": "PXN", "BMI1": "CDKN2A", "STK3": "RCC1", "CYCS": "CASP9", "BIRC5": "CASP9", "TRAF6": "VEGFA", "GADD45A": "MAPK14", "ARID3A": "PML", "TCF7L2": "STARD7", "RELA": "UPP1", "RARA": "SCD", "RAF1": "STK4", "XRCC3": "RAD51", "NDRG1": "RAB4A", "RAB7A": "RAC1", "BAK1": "DIABLO", "IRF9": "SP100", "KLF4": "VDR", "MAX": "ODC1", "TNFAIP3": "RELA", "CLK2": "PTPN1", "NFE2L2": "CFTR", "PMAIP1": "GMCL1", "BID": "CYCS", "GATA2": "NOS3", "GAPDH": "APEX1", "NCOA2": "RARA", "TRADD": "FADD", "JUNB": "BCL2L1", "REV1": "REV3L", "EGR1": "VEGFA", "HOXA10": "TP53", "GSK3A": "RELA", "BARD1": "ESR1", "TP73": "PMAIP1", "CDKN2AIP": "TP53", "CUL1": "CDKN1B", "ZFYVE9": "SMAD2", "TCF4": "VIM", "PMS2": "TP73", "RASA1": "CAV2", "MTA1": "SNAI2", "XRCC1": "POLB", "FOXO1": "PCK1", "FOXO4": "HIF1A", "PPARA": "NFKBIA", "GSTP1": "TRAF2", "VHL": "VEGFA", "BRCA1": "VEGFA", "HRAS": "SDC2", "XPO1": "SMAD4", "ITGA5": "CSK", "SH3KBP1": "JAK2", "SNAI1": "VDR", "SPI1": "PEBP1", "CTCF": "PAX6", "PEA15": "MAPK3", "BMF": "BCL2L2", "PIDD1": "CASP2", "HELLS": "DNMT1", "XIAP": "CASP3", "NR4A3": "PPARG", "PIAS1": "MUC1", "KHSRP": "CDKN1A", "CDC34": "NFKBIA", "LRP6": "AXIN1", "THRA": "GATA2", "STK4": "MAP2K4", "IRF7": "ATF4", "PRKACA": "RARA", "ATF3": "LDLR", "SIAH1": "NOTCH1", "ATF1": "MITF", "ETV6": "MAD2L1", "BIRC3": "CASP3", "IKBKE": "ESR1", "PML": "UBA7", "RHEB": "RAF1", "CDKN1A": "FEN1", "RHOA": "PTPN1", "SGK1": "MAPK1", "MAPK9": "SHC1", "TIMP2": "LRP2", "TWIST1": "YBX1", "PRC1": "KIF23", "IRF1": "DST", "DAB2IP": "STAT3", "E2F1": "WWOX", "CDC20": "UBE2S", "PLCG1": "DAG1", "RRM2B": "RRM1", "LEF1": "MITF", "CHEK1": "E2F3", "SMAD3": "RUNX2", "SPHK2": "HDAC2", "MDM2": "DNMT3A", "KREMEN2": "LRP6", "PTTG1": "VEGFA", "DDR1": "SHC1", "CTBP1": "BRCA2", "CDH3": "CTNNB1", "RAD52": "RAD51", "PAK2": "JUN", "IER3": "PPP2R5C", "CASP1": "SPHK2", "BLM": "TP53", "CRK": "GAB1", "CCND3": "CCNE1", "FADD": "RIPK1", "REL": "TNFAIP3", "TRAF2": "ZFP36", "NFYC": "FXR2", "MCPH1": "BRCA1", "BCL2L11": "BAK1", "CSK": "IRS1", "MOB1A": "LATS1", "MSH2": "ATR", "ANP32A": "CASP9", "DDIT3": "SIRT1", "UVRAG": "BECN1", "PEBP1": "RAF1", "RUNX3": "RUNX1", "ARRB2": "GNAI3", "NR1I2": "RELA", "IKBKB": "CDKN2A", "APAF1": "CASP9", "GATA4": "NOS3", "MAP3K8": "MAPK1", "ING1": "CASP3", "XPA": "CEP164", "STAT2": "STAT1", "SRSF1": "NFKB1", "ARAF": "MAPK3", "MBD2": "GSTP1", "ITGB3": "CSK", "TFAP2A": "VEGFA", "TBP": "BCL2", "CASP10": "RIPK1", "MYC": "WRN", "EDNRB": "GNAI1", "SNAI2": "VDR", "KIF4A": "PRC1", "ATR": "SMARCAL1", "RPA2": "ATRIP", "KAT5": "GMPS", "XRCC6": "UBE2S", "PPM1D": "MAPK14", "MIF": "SOD1", "CASP7": "PSEN1", "ACTN1": "PLD1", "MAPK1": "RARA", "DDB1": "E2F1", "VEGFA": "EGFR", "RBX1": "NFKB2", "XRCC5": "ETS1", "CDKN2A": "HUWE1", "AURKB": "YY1", "MITF": "PPARGC1A", "SETD2": "STAT1", "GAB2": "PIK3CA", "WRN": "POLD4", "MSH6": "BLM", "RAD21": "GATA2", "PPP2R5C": "ATF1", "COP1": "CEBPB", "TCF7": "LEF1", "APEX1": "RELA", "AKT1S1": "RPTOR", "BCL2": "XRCC6", "PDGFRB": "FER", "GNAQ": "GSK3B", "NRF1": "PRDX3", "SIVA1": "BCL2L1", "WEE1": "CDK2", "EZH2": "SATB1", "LIMD1": "HIF1A", "ZBTB4": "CDKN1A", "FYN": "PLD2", "TP53BP1": "HDAC4", "E2F8": "E2F1", "CDH1": "LRP6", "NFKBIB": "NFKB1", "LRP5": "AXIN1", "NR4A1": "TIMP2", "FANCL": "FANCI", "ERCC5": "PCNA", "AKT1": "THRA", "TNFRSF21": "TRADD", "PLK1": "TP73", "SMAD1": "RUNX2", "TNFRSF10B": "TRADD", "MAD2L1": "CDC20", "SAV1": "STK3", "CASP6": "PSEN2", "SKP2": "DAB2IP", "PRKDC": "LIG4", "FLI1": "TGFBR2", "TP53RK": "TP53", "ETV4": "VIM", "PTPN6": "ACTN1", "IL2RB": "SHC1", "TIAM1": "RAC1", "NCOR1": "SNAI2", "AXIN1": "RNF111", "HTRA2": "PEA15", "RABGGTA": "RAB5A", "STAT1": "UPP1", "TP53INP1": "MAP1LC3A", "PAX6": "MET", "PDPK1": "ITGB1", "MEF2C": "NR4A1", "NOD1": "MAPK8", "PDK1": "PRKACA", "TOPBP1": "POLA1", "ZNF217": "CDH1", "TRRAP": "MITF", "RPS6KB1": "TP63", "MED14": "STAT2", "JAK2": "STAT6", "ATF4": "VEGFA", "ESPL1": "SMC1A", "H2AX": "KAT2A", "MDC1": "NBN", "SIX1": "CDH1", "EYA1": "H2AX", "RFWD3": "TP53", "WDHD1": "CLSPN", "HERC2": "XPA", "TELO2": "ATM", "GMPS": "TP53", "KMT2A": "MYC", "HUWE1": "TP53", "ZBTB16": "SOX9", "MEF2D": "JUN", "PSMA6": "XBP1", "SOX9": "CDKN1A", "STAT6": "FOS", "MTOR": "STAT3", "KPNA2": "IRF3", "RUNX2": "VEGFA", "MEF2A": "JUN", "IRF2": "TAP1", "NR1H4": "VEGFA", "HINFP": "PRKDC", "BRIP1": "BRCA1", "STAT4": "MYC", "RUNX1": "VEGFA", "AHR": "PCNA", "DDX17": "ESR1", "DDX5": "AR", "TDG": "AR"}