,Intersection Nodes,Intersection Edges,Intersection Nodes_wo,Intersection Edges_wo,Intersection Nodes_wod,Intersection Edges_wod,Intersection Nodes_comp,Intersection Edges_comp,Intersection Nodes_compd,Intersection Edges_compd,With Mutatation Nodes,With Mutation Edges,Without Mutation Nodes,Without Mutation Edges,Withoutd Mutation Nodes,Withoutd Mutation Edges,Comparison Nodes,Comparison Edges,Comparisond Nodes,Comparisond Edges
0,0.0,0.0,0.0,0.0,0.0,0.0,1.0,1.0,1.0,1.0,0,0,0,0,0,0,[],[],[],[]
1,1.0,1.0,1.0,1.0,1.0,1.0,1.0,1.0,1.0,1.0,[],[],[],[],[],[],[],[],[],[]
2,1.0,1.0,1.0,1.0,1.0,1.0,1.0,1.0,1.0,1.0,[],[],[],[],[],[],[],[],[],[]
3,1.0,1.0,1.0,1.0,1.0,1.0,1.0,1.0,1.0,1.0,[],[],[],[],[],[],[],[],[],[]
4,1.0,1.0,1.0,1.0,1.0,1.0,1.0,1.0,1.0,1.0,[],[],[],[],[],[],[],[],[],[]
5,1.0,1.0,1.0,1.0,1.0,1.0,1.0,1.0,1.0,1.0,[],[],[],[],[],[],[],[],[],[]
6,1.0,1.0,1.0,1.0,1.0,1.0,1.0,1.0,1.0,1.0,[],[],[],[],[],[],[],[],[],[]
7,1.0,1.0,1.0,1.0,1.0,1.0,1.0,1.0,1.0,1.0,[],[],[],[],[],[],[],[],[],[]
8,1.0,1.0,1.0,1.0,1.0,1.0,1.0,1.0,1.0,1.0,[],[],[],[],[],[],[],[],[],[]
9,1.0,1.0,1.0,1.0,1.0,1.0,1.0,1.0,1.0,1.0,[],[],[],[],[],[],[],[],[],[]
10,1.0,1.0,1.0,1.0,1.0,1.0,1.0,1.0,1.0,1.0,[],[],[],[],[],[],[],[],[],[]
11,1.0,1.0,1.0,1.0,1.0,1.0,1.0,1.0,1.0,1.0,[],[],[],[],[],[],[],[],[],[]
12,1.0,1.0,1.0,1.0,1.0,1.0,1.0,1.0,1.0,1.0,[],[],[],[],[],[],[],[],[],[]
13,1.0,1.0,1.0,1.0,1.0,1.0,1.0,1.0,1.0,1.0,[],[],[],[],[],[],[],[],[],[]
14,1.0,1.0,1.0,1.0,1.0,1.0,1.0,1.0,1.0,1.0,[],[],[],[],[],[],[],[],[],[]
15,1.0,1.0,1.0,1.0,1.0,1.0,1.0,1.0,1.0,1.0,[],[],[],[],[],[],[],[],[],[]
16,1.0,1.0,1.0,1.0,1.0,1.0,1.0,1.0,1.0,1.0,[],[],[],[],[],[],[],[],[],[]
17,1.0,1.0,1.0,1.0,1.0,1.0,1.0,1.0,1.0,1.0,[],[],[],[],[],[],[],[],[],[]
18,1.0,1.0,1.0,1.0,1.0,1.0,1.0,1.0,1.0,1.0,[],[],[],[],[],[],[],[],[],[]
19,0.9382352941176471,0.899978350292271,0.9382352941176471,0.899978350292271,0.9421276595744681,0.8933448573898012,1.0,1.0,0.9990196078431373,0.9978350292271054,"['CIITA', 'KIT', 'LRP2', 'EDNRB', 'PPARGC1A', 'HNF1A', 'RXRG', 'ESR1', 'IL33', 'NCF1', 'IL37', 'UBD', 'FCER2', 'ITGA4', 'A2M', 'BCL2', 'PDGFRA', 'AR', 'PADI4', 'MYCN', 'BCL2A1', 'TLE4', 'NR1I2', 'MCM5', 'FLI1', 'HNF4A', 'PAX5', 'NR4A3', 'PIK3CG', 'PDCD1', 'AGAP2', 'MUC2', 'S100B', 'ITGB3', 'SPI1', 'SFRP1', 'FLT3', 'FLT1', 'SCN3B', 'CD19', 'PDGFRB', 'MAP1LC3C', 'APOA1', 'ITGB7', 'KDR', 'NOX1', 'LCK', 'IL2RB', 'PLN', 'IRF4', 'PAX3', 'CFTR', 'SNCB', 'RAB8A', 'SH3GL2', 'LRRK2', 'ACTC1', 'NTRK3', 'BTK', 'FCGR2A', 'LCP2', 'ZAP70', 'RET']","[('GATA2', 'SPI1'), ('GATA2', 'AR'), ('AXL', 'PIK3CG'), ('CIITA', 'SIRT1'), ('CIITA', 'HLA-A'), ('CIITA', 'HLA-B'), ('CIITA', 'HLA-C'), ('PPP2CA', 'BCL2'), ('BARD1', 'ESR1'), ('MAPK3', 'BCL2'), ('MAPK3', 'LCK'), ('MAPK3', 'NCF1'), ('MAPK3', 'ESR1'), ('MAPK3', 'PAX5'), ('PPARG', 'CIITA'), ('PPARG', 'RXRG'), ('PPARG', 'BCL2'), ('CASP7', 'AR'), ('NCOA2', 'AR'), ('PIM1', 'FLT3'), ('MYC', 'SFRP1'), ('EDNRB', 'GNAQ'), ('EDNRB', 'GNAI3'), ('EDNRB', 'GNAI1'), ('NR3C1', 'AR'), ('NR3C1', 'LCK'), ('NR3C1', 'NR4A3'), ('HNF1A', 'ESR1'), ('CHEK2', 'KIT'), ('PER1', 'BCL2'), ('ESR1', 'HSPA8'), ('ESR1', 'RARA'), ('ESR1', 'PIK3R2'), ('ESR1', 'AR'), ('ESR1', 'CDKN1A'), ('ESR1', 'TP53'), ('ESR1', 'PPARG'), ('ESR1', 'CCND1'), ('ESR1', 'JUN'), ('ESR1', 'HSPB1'), ('ESR1', 'NCOA2'), ('ESR1', 'RXRA'), ('ESR1', 'JUNB'), ('ESR1', 'FOXO1'), ('ESR1', 'CTNNB1'), ('ESR1', 'PIK3R1'), ('ESR1', 'MYC'), ('ESR1', 'XBP1'), ('ESR1', 'BCL2'), ('ESR1', 'CTSD'), ('ESR1', 'BLM'), ('ESR1', 'HSPD1'), ('ESR1', 'SLC2A1'), ('ESR1', 'KRT8'), ('ESR1', 'NME1'), ('ESR1', 'NFE2L2'), ('ESR1', 'CCNA2'), ('ESR1', 'CDKN1B'), ('ESR1', 'HTRA2'), ('ESR1', 'KDR'), ('ESR1', 'NRF1'), ('ESR1', 'PMAIP1'), ('ESR1', 'VEGFA'), ('JUNB', 'BCL2'), ('NCOA1', 'ESR1'), ('PIK3R1', 'PIK3CG'), ('PAK1', 'ESR1'), ('GAB2', 'LCP2'), ('PMAIP1', 'BCL2A1'), ('PMAIP1', 'BCL2'), ('MDM2', 'AR'), ('RELA', 'BCL2'), ('RELA', 'AR'), ('RELA', 'BCL2A1'), ('RELA', 'CFTR'), ('RELA', 'IRF4'), ('RELA', 'MUC2'), ('CAV1', 'PDGFRA'), ('CAV1', 'PDGFRB'), ('ITGA4', 'CSK'), ('A2M', 'LRP1'), ('RNF5', 'CFTR'), ('SIRT1', 'PPARGC1A'), ('JUN', 'SPI1'), ('JUN', 'AR'), ('BCL2', 'BIK'), ('BCL2', 'BECN1'), ('BCL2', 'BID'), ('BCL2', 'BAX'), ('BCL2', 'BAK1'), ('BCL2', 'XRCC6'), ('NCOR1', 'ESR1'), ('NCOR1', 'AR'), ('FOXO3', 'ESR1'), ('FOXO3', 'AR'), ('MTA1', 'ESR1'), ('SYK', 'ITGB3'), ('SYK', 'LCK'), ('SYK', 'PAX5'), ('SYK', 'LCP2'), ('SYK', 'BTK'), ('SYK', 'FCGR2A'), ('EP300', 'AR'), ('EP300', 'FLI1'), ('YBX1', 'MYCN'), ('ERBB2', 'ESR1'), ('PADI4', 'NPM1'), ('CREBBP', 'HNF1A'), ('MYCN', 'TP53'), ('MYCN', 'NDRG1'), ('MYCN', 'CDKN1A'), ('MYCN', 'HDAC2'), ('MYCN', 'SKP2'), ('MYCN', 'BMI1'), ('MYCN', 'MCM6'), ('MYCN', 'MCM4'), ('MYCN', 'MCM5'), ('MYCN', 'MCM2'), ('MYCN', 'MCM3'), ('MYCN', 'MCM7'), ('MYCN', 'BAX'), ('MYCN', 'BIRC5'), ('MYCN', 'CIITA'), ('MYCN', 'CTSD'), ('MYCN', 'MCM10'), ('MYCN', 'MYBL2'), ('MYCN', 'TP53INP1'), ('STAT3', 'FLT3'), ('STAT3', 'BCL2'), ('STAT3', 'SPI1'), ('STAT3', 'PAX3'), ('DDIT3', 'BCL2'), ('SOD1', 'BCL2'), ('HIF1A', 'AR'), ('HIF1A', 'EDNRB'), ('HNRNPK', 'AR'), ('VEGFB', 'FLT1'), ('VEGFB', 'KDR'), ('DDB2', 'BCL2'), ('NR1I2', 'FOXO1'), ('NR1I2', 'RXRA'), ('NR1I2', 'BCL2'), ('NR1I2', 'BCL2L1'), ('NR1I2', 'NFKB1'), ('NR1I2', 'NOD1'), ('NR1I2', 'RAB3A'), ('NR1I2', 'RELA'), ('MECP2', 'ESR1'), ('TP53INP1', 'MAP1LC3C'), ('TWIST1', 'ESR1'), ('PPARA', 'RXRG'), ('FLI1', 'BCL2'), ('FLI1', 'FOXM1'), ('FLI1', 'ID2'), ('FLI1', 'TGFBR2'), ('THRA', 'RXRG'), ('CASP3', 'BCL2'), ('CASP3', 'AR'), ('HNF4A', 'NR1I2'), ('HNF4A', 'MYC'), ('HNF4A', 'APOA1'), ('HNF4A', 'GFER'), ('HNF4A', 'LDLR'), ('NCOR2', 'AR'), ('MAPK14', 'BCL2'), ('MAPK14', 'PPARGC1A'), ('MAPK14', 'ESR1'), ('MAPK14', 'AR'), ('PRKACA', 'PLN'), ('PRKACA', 'ESR1'), ('PRKACA', 'CFTR'), ('PRKACA', 'ITGA4'), ('PRKACA', 'CIITA'), ('RPS6KB1', 'ESR1'), ('PAX5', 'TLE4'), ('PAX5', 'CD19'), ('PAX5', 'XBP1'), ('PAX5', 'LEF1'), ('PAX5', 'PDCD1'), ('PAX5', 'BAX'), ('PAX5', 'BCL2'), ('PAX5', 'CCND1'), ('PAX5', 'CDKN1A'), ('PAX5', 'FHL2'), ('PAX5', 'MET'), ('PAX5', 'MYCN'), ('PAX5', 'TIMP1'), ('PAX5', 'TP53'), ('PARP1', 'BCL2'), ('NR4A3', 'NR4A1'), ('NR4A3', 'NR4A2'), ('NR4A3', 'BCL2'), ('NR4A3', 'NR3C1'), ('NR4A3', 'PPARG'), ('JUND', 'ITGB3'), ('NFE2L2', 'CFTR'), ('MYB', 'KIT'), ('MYB', 'BCL2'), ('MYB', 'LCK'), ('PIK3CG', 'PDPK1'), ('PIK3CG', 'RAC1'), ('RBX1', 'ESR1'), ('PTTG1', 'KDR'), ('IKBKE', 'ESR1'), ('PAX6', 'SFRP1'), ('CEBPA', 'SPI1'), ('CEBPA', 'BCL2'), ('MAPK8', 'BCL2'), ('MAPK8', 'ESR1'), ('MAPK1', 'BCL2'), ('MAPK1', 'LCK'), ('MAPK1', 'NCF1'), ('MAPK1', 'ESR1'), ('MAPK1', 'AR'), ('MAPK1', 'PAX5'), ('FYN', 'KIT'), ('FYN', 'LCK'), ('FYN', 'AGAP2'), ('ATF1', 'CFTR'), ('SMAD3', 'ESR1'), ('SMAD3', 'AR'), ('PML', 'FLT3'), ('FOXO1', 'NR1I2'), ('FOXO1', 'AR'), ('HRAS', 'PIK3CG'), ('WWTR1', 'PAX3'), ('EZH2', 'AR'), ('EZH2', 'CIITA'), ('ITGB3', 'PTK2'), ('ITGB3', 'CSK'), ('SREBF2', 'HNF4A'), ('ABL1', 'CD19'), ('ABL1', 'PDGFRB'), ('ABL1', 'ESR1'), ('ABL1', 'BCL2'), ('ABL1', 'BTK'), ('ETS2', 'FLI1'), ('ETS2', 'LCK'), ('CASP1', 'IL37'), ('CASP1', 'IL33'), ('CASP1', 'AR'), ('HOXA10', 'MYCN'), ('SPI1', 'BCL6'), ('SPI1', 'ITGB2'), ('SPI1', 'MAPK1'), ('SPI1', 'PEBP1'), ('IRF1', 'BCL2'), ('IRF1', 'CIITA'), ('VEGFA', 'FLT1'), ('VEGFA', 'KDR'), ('ETS1', 'FLI1'), ('ETS1', 'IL2RB'), ('ETS1', 'LCK'), ('PTPN6', 'KDR'), ('PTPN6', 'KIT'), ('PTPN6', 'IL2RB'), ('HIPK2', 'NOX1'), ('JAK2', 'APOA1'), ('TBP', 'BCL2'), ('NCOA3', 'BCL2'), ('NR4A2', 'NR4A3'), ('NR4A2', 'RXRG'), ('TP53', 'UBD'), ('TP53', 'PADI4'), ('TP53', 'BCL2'), ('TP53', 'S100B'), ('TP53', 'HNF4A'), ('TP53', 'SCN3B'), ('TP53', 'FLT1'), ('TP53', 'MUC2'), ('TP53', 'PAX5'), ('TP53', 'PDGFRB'), ('HSPA8', 'CFTR'), ('PTK2', 'ITGB7'), ('HSP90AB1', 'AR'), ('VHL', 'AR'), ('BMF', 'BCL2'), ('CASP8', 'AR'), ('BAD', 'BCL2'), ('BCL2L11', 'BCL2A1'), ('BCL2L11', 'BCL2'), ('GSK3B', 'CIITA'), ('GSK3B', 'ESR1'), ('XBP1', 'ESR1'), ('TFAP2A', 'BCL2'), ('FHL2', 'AR'), ('KRAS', 'PIK3CG'), ('TLN1', 'ITGB3'), ('TLN1', 'ITGB7'), ('AKT1', 'ITGB3'), ('AKT1', 'NCF1'), ('AKT1', 'ESR1'), ('AKT1', 'AR'), ('AKT1', 'PPARGC1A'), ('AKT1', 'PLN'), ('AKT1', 'AGAP2'), ('MITF', 'KIT'), ('MITF', 'BCL2A1'), ('MITF', 'PPARGC1A'), ('KAT5', 'AR'), ('CD19', 'PIK3R1'), ('BNIP3', 'BCL2'), ('PDGFRB', 'FYN'), ('PDGFRB', 'PIK3R1'), ('PDGFRB', 'NCK1'), ('PDGFRB', 'CRK'), ('PDGFRB', 'RASA1'), ('PDGFRB', 'PTPN11'), ('PDGFRB', 'NCK2'), ('PDGFRB', 'PDGFRA'), ('PDGFRB', 'PLCG1'), ('PDGFRB', 'GRB2'), ('PDGFRB', 'SHC1'), ('PDGFRB', 'SRC'), ('PDGFRB', 'PTK2'), ('PDGFRB', 'GAB1'), ('PDGFRB', 'SH2B2'), ('PDGFRB', 'FER'), ('NRIP1', 'ESR1'), ('NR4A1', 'BCL2'), ('NR4A1', 'NR4A3'), ('PTPN1', 'PDGFRB'), ('SATB1', 'BCL2'), ('SATB1', 'SPI1'), ('PDK1', 'ITGB3'), ('ITGB7', 'CSK'), ('CREB1', 'BCL2'), ('REL', 'BCL2A1'), ('SP3', 'KDR'), ('SP3', 'MYCN'), ('DAB2IP', 'AR'), ('HSPB1', 'AR'), ('SP1', 'MYCN'), ('SP1', 'AR'), ('SP1', 'EDNRB'), ('SP1', 'ITGB3'), ('SP1', 'KDR'), ('SP1', 'MUC2'), ('CEBPB', 'IRF4'), ('BCL6', 'IRF4'), ('BCL6', 'FCER2'), ('KAT2B', 'HNF1A'), ('KAT2B', 'AR'), ('KAT2B', 'CIITA'), ('PRKAA1', 'CFTR'), ('PRKAA1', 'PPARGC1A'), ('PRKAA1', 'HNF4A'), ('NFKB1', 'AR'), ('NFKB1', 'BCL2A1'), ('NFKB1', 'BCL2'), ('NFKB1', 'IRF4'), ('NFKB1', 'CFTR'), ('NFKB1', 'MUC2'), ('CDH1', 'ITGB7'), ('ATM', 'BCL2'), ('ATM', 'HNF1A'), ('FOS', 'SPI1'), ('FOXM1', 'ESR1'), ('FOXM1', 'AR'), ('PTPN11', 'KDR'), ('LCK', 'PTPN6'), ('LCK', 'STAT1'), ('LCK', 'PIK3R1'), ('LCK', 'PLCG1'), ('LCK', 'NOTCH1'), ('LCK', 'KIT'), ('LCK', 'PIK3R2'), ('LCK', 'IL2RB'), ('LCK', 'SHC1'), ('LCK', 'STAT5A'), ('LCK', 'MUC1'), ('LCK', 'GAB2'), ('LCK', 'ESR1'), ('LCK', 'RASA1'), ('LCK', 'SOCS3'), ('LCK', 'RAF1'), ('LCK', 'PTEN'), ('LCK', 'NFKBIA'), ('LCK', 'MAPK14'), ('LCK', 'ABL1'), ('LCK', 'LCP2'), ('LCK', 'LAT'), ('LCK', 'ZAP70'), ('LCK', 'CBL'), ('LCK', 'PLCG2'), ('LCK', 'VAV2'), ('BRCA1', 'ESR1'), ('YY1', 'CFTR'), ('YY1', 'ACTC1'), ('IL2RB', 'SHC1'), ('IRS1', 'PIK3CG'), ('CTNNB1', 'HNF1A'), ('CTNNB1', 'NR4A3'), ('FER', 'AR'), ('PPP2R5C', 'BCL2'), ('PDPK1', 'ITGB3'), ('E2F1', 'BCL2'), ('E2F1', 'AR'), ('E2F1', 'MYCN'), ('STAT1', 'CIITA'), ('STAT1', 'CFTR'), ('FBXW7', 'PPARGC1A'), ('IRF4', 'BCL6'), ('IRF4', 'IRF5'), ('IRF4', 'FCER2'), ('IRF4', 'IRF3'), ('EGR1', 'AR'), ('EGR1', 'FCER2'), ('CSK', 'LCK'), ('CSK', 'FLT3'), ('CSK', 'KIT'), ('PAX3', 'MITF'), ('PAX3', 'LEF1'), ('PAX3', 'BCL2L1'), ('HSP90AA1', 'AR'), ('HSP90AA1', 'BCL2'), ('TIMP2', 'LRP2'), ('VDR', 'RXRG'), ('SRC', 'AR'), ('SRC', 'KDR'), ('SRC', 'KIT'), ('SRC', 'ITGB3'), ('SRC', 'ESR1'), ('SRC', 'HNF4A'), ('SRC', 'ITGB7'), ('SRC', 'RET'), ('SRC', 'FCGR2A'), ('SRC', 'BTK'), ('SOX2', 'NTRK3'), ('PLK1', 'SNCB'), ('APEX1', 'CD19'), ('SNCB', 'TP53'), ('DVL2', 'LRRK2'), ('DVL3', 'LRRK2'), ('DVL1', 'LRRK2'), ('ROCK2', 'IRF4'), ('ROCK2', 'SH3GL2'), ('LRRK2', 'MSN'), ('LRRK2', 'MAPT'), ('LRRK2', 'SH3GL2'), ('LRRK2', 'SNCA'), ('LRRK2', 'PRDX3'), ('LRRK2', 'RAB8A'), ('BTK', 'PLCG2'), ('BTK', 'PLCG1'), ('BTK', 'NFKBIA'), ('NRAS', 'PIK3CG'), ('LCP2', 'PLCG1'), ('CBL', 'ZAP70'), ('CBL', 'KIT'), ('ZAP70', 'TUBA1B'), ('ZAP70', 'LAT'), ('ZAP70', 'SHC1'), ('ZAP70', 'TUBA1A'), ('ZAP70', 'VAV2'), ('ZAP70', 'LCP2'), ('ZAP70', 'GAB2'), ('ZAP70', 'DUSP3'), ('PRKCA', 'ITGB3'), ('PRKCA', 'KIT'), ('PRKCA', 'BCL2'), ('MAP4K1', 'LCP2')]","['CIITA', 'KIT', 'LRP2', 'EDNRB', 'PPARGC1A', 'HNF1A', 'RXRG', 'ESR1', 'IL33', 'NCF1', 'IL37', 'UBD', 'FCER2', 'ITGA4', 'A2M', 'BCL2', 'PDGFRA', 'AR', 'PADI4', 'MYCN', 'BCL2A1', 'TLE4', 'NR1I2', 'MCM5', 'FLI1', 'HNF4A', 'PAX5', 'NR4A3', 'PIK3CG', 'PDCD1', 'AGAP2', 'MUC2', 'S100B', 'ITGB3', 'SPI1', 'SFRP1', 'FLT3', 'FLT1', 'SCN3B', 'CD19', 'PDGFRB', 'MAP1LC3C', 'APOA1', 'ITGB7', 'KDR', 'NOX1', 'LCK', 'IL2RB', 'PLN', 'IRF4', 'PAX3', 'CFTR', 'SNCB', 'RAB8A', 'SH3GL2', 'LRRK2', 'ACTC1', 'NTRK3', 'BTK', 'FCGR2A', 'LCP2', 'ZAP70', 'RET']","[('GATA2', 'SPI1'), ('GATA2', 'AR'), ('AXL', 'PIK3CG'), ('CIITA', 'SIRT1'), ('CIITA', 'HLA-A'), ('CIITA', 'HLA-B'), ('CIITA', 'HLA-C'), ('PPP2CA', 'BCL2'), ('BARD1', 'ESR1'), ('MAPK3', 'BCL2'), ('MAPK3', 'LCK'), ('MAPK3', 'NCF1'), ('MAPK3', 'ESR1'), ('MAPK3', 'PAX5'), ('PPARG', 'CIITA'), ('PPARG', 'RXRG'), ('PPARG', 'BCL2'), ('CASP7', 'AR'), ('NCOA2', 'AR'), ('PIM1', 'FLT3'), ('MYC', 'SFRP1'), ('EDNRB', 'GNAQ'), ('EDNRB', 'GNAI3'), ('EDNRB', 'GNAI1'), ('NR3C1', 'AR'), ('NR3C1', 'LCK'), ('NR3C1', 'NR4A3'), ('HNF1A', 'ESR1'), ('CHEK2', 'KIT'), ('PER1', 'BCL2'), ('ESR1', 'HSPA8'), ('ESR1', 'RARA'), ('ESR1', 'PIK3R2'), ('ESR1', 'AR'), ('ESR1', 'CDKN1A'), ('ESR1', 'TP53'), ('ESR1', 'PPARG'), ('ESR1', 'CCND1'), ('ESR1', 'JUN'), ('ESR1', 'HSPB1'), ('ESR1', 'NCOA2'), ('ESR1', 'RXRA'), ('ESR1', 'JUNB'), ('ESR1', 'FOXO1'), ('ESR1', 'CTNNB1'), ('ESR1', 'PIK3R1'), ('ESR1', 'MYC'), ('ESR1', 'XBP1'), ('ESR1', 'BCL2'), ('ESR1', 'CTSD'), ('ESR1', 'BLM'), ('ESR1', 'HSPD1'), ('ESR1', 'SLC2A1'), ('ESR1', 'KRT8'), ('ESR1', 'NME1'), ('ESR1', 'NFE2L2'), ('ESR1', 'CCNA2'), ('ESR1', 'CDKN1B'), ('ESR1', 'HTRA2'), ('ESR1', 'KDR'), ('ESR1', 'NRF1'), ('ESR1', 'PMAIP1'), ('ESR1', 'VEGFA'), ('JUNB', 'BCL2'), ('NCOA1', 'ESR1'), ('PIK3R1', 'PIK3CG'), ('PAK1', 'ESR1'), ('GAB2', 'LCP2'), ('PMAIP1', 'BCL2A1'), ('PMAIP1', 'BCL2'), ('MDM2', 'AR'), ('RELA', 'BCL2'), ('RELA', 'AR'), ('RELA', 'BCL2A1'), ('RELA', 'CFTR'), ('RELA', 'IRF4'), ('RELA', 'MUC2'), ('CAV1', 'PDGFRA'), ('CAV1', 'PDGFRB'), ('ITGA4', 'CSK'), ('A2M', 'LRP1'), ('RNF5', 'CFTR'), ('SIRT1', 'PPARGC1A'), ('JUN', 'SPI1'), ('JUN', 'AR'), ('BCL2', 'BIK'), ('BCL2', 'BECN1'), ('BCL2', 'BID'), ('BCL2', 'BAX'), ('BCL2', 'BAK1'), ('BCL2', 'XRCC6'), ('NCOR1', 'ESR1'), ('NCOR1', 'AR'), ('FOXO3', 'ESR1'), ('FOXO3', 'AR'), ('MTA1', 'ESR1'), ('SYK', 'ITGB3'), ('SYK', 'LCK'), ('SYK', 'PAX5'), ('SYK', 'LCP2'), ('SYK', 'BTK'), ('SYK', 'FCGR2A'), ('EP300', 'AR'), ('EP300', 'FLI1'), ('YBX1', 'MYCN'), ('ERBB2', 'ESR1'), ('PADI4', 'NPM1'), ('CREBBP', 'HNF1A'), ('MYCN', 'TP53'), ('MYCN', 'NDRG1'), ('MYCN', 'CDKN1A'), ('MYCN', 'HDAC2'), ('MYCN', 'SKP2'), ('MYCN', 'BMI1'), ('MYCN', 'MCM6'), ('MYCN', 'MCM4'), ('MYCN', 'MCM5'), ('MYCN', 'MCM2'), ('MYCN', 'MCM3'), ('MYCN', 'MCM7'), ('MYCN', 'BAX'), ('MYCN', 'BIRC5'), ('MYCN', 'CIITA'), ('MYCN', 'CTSD'), ('MYCN', 'MCM10'), ('MYCN', 'MYBL2'), ('MYCN', 'TP53INP1'), ('STAT3', 'FLT3'), ('STAT3', 'BCL2'), ('STAT3', 'SPI1'), ('STAT3', 'PAX3'), ('DDIT3', 'BCL2'), ('SOD1', 'BCL2'), ('HIF1A', 'AR'), ('HIF1A', 'EDNRB'), ('HNRNPK', 'AR'), ('VEGFB', 'FLT1'), ('VEGFB', 'KDR'), ('DDB2', 'BCL2'), ('NR1I2', 'FOXO1'), ('NR1I2', 'RXRA'), ('NR1I2', 'BCL2'), ('NR1I2', 'BCL2L1'), ('NR1I2', 'NFKB1'), ('NR1I2', 'NOD1'), ('NR1I2', 'RAB3A'), ('NR1I2', 'RELA'), ('MECP2', 'ESR1'), ('TP53INP1', 'MAP1LC3C'), ('TWIST1', 'ESR1'), ('PPARA', 'RXRG'), ('FLI1', 'BCL2'), ('FLI1', 'FOXM1'), ('FLI1', 'ID2'), ('FLI1', 'TGFBR2'), ('THRA', 'RXRG'), ('CASP3', 'BCL2'), ('CASP3', 'AR'), ('HNF4A', 'NR1I2'), ('HNF4A', 'MYC'), ('HNF4A', 'APOA1'), ('HNF4A', 'GFER'), ('HNF4A', 'LDLR'), ('NCOR2', 'AR'), ('MAPK14', 'BCL2'), ('MAPK14', 'PPARGC1A'), ('MAPK14', 'ESR1'), ('MAPK14', 'AR'), ('PRKACA', 'PLN'), ('PRKACA', 'ESR1'), ('PRKACA', 'CFTR'), ('PRKACA', 'ITGA4'), ('PRKACA', 'CIITA'), ('RPS6KB1', 'ESR1'), ('PAX5', 'TLE4'), ('PAX5', 'CD19'), ('PAX5', 'XBP1'), ('PAX5', 'LEF1'), ('PAX5', 'PDCD1'), ('PAX5', 'BAX'), ('PAX5', 'BCL2'), ('PAX5', 'CCND1'), ('PAX5', 'CDKN1A'), ('PAX5', 'FHL2'), ('PAX5', 'MET'), ('PAX5', 'MYCN'), ('PAX5', 'TIMP1'), ('PAX5', 'TP53'), ('PARP1', 'BCL2'), ('NR4A3', 'NR4A1'), ('NR4A3', 'NR4A2'), ('NR4A3', 'BCL2'), ('NR4A3', 'NR3C1'), ('NR4A3', 'PPARG'), ('JUND', 'ITGB3'), ('NFE2L2', 'CFTR'), ('MYB', 'KIT'), ('MYB', 'BCL2'), ('MYB', 'LCK'), ('PIK3CG', 'PDPK1'), ('PIK3CG', 'RAC1'), ('RBX1', 'ESR1'), ('PTTG1', 'KDR'), ('IKBKE', 'ESR1'), ('PAX6', 'SFRP1'), ('CEBPA', 'SPI1'), ('CEBPA', 'BCL2'), ('MAPK8', 'BCL2'), ('MAPK8', 'ESR1'), ('MAPK1', 'BCL2'), ('MAPK1', 'LCK'), ('MAPK1', 'NCF1'), ('MAPK1', 'ESR1'), ('MAPK1', 'AR'), ('MAPK1', 'PAX5'), ('FYN', 'KIT'), ('FYN', 'LCK'), ('FYN', 'AGAP2'), ('ATF1', 'CFTR'), ('SMAD3', 'ESR1'), ('SMAD3', 'AR'), ('PML', 'FLT3'), ('FOXO1', 'NR1I2'), ('FOXO1', 'AR'), ('HRAS', 'PIK3CG'), ('WWTR1', 'PAX3'), ('EZH2', 'AR'), ('EZH2', 'CIITA'), ('ITGB3', 'PTK2'), ('ITGB3', 'CSK'), ('SREBF2', 'HNF4A'), ('ABL1', 'CD19'), ('ABL1', 'PDGFRB'), ('ABL1', 'ESR1'), ('ABL1', 'BCL2'), ('ABL1', 'BTK'), ('ETS2', 'FLI1'), ('ETS2', 'LCK'), ('CASP1', 'IL37'), ('CASP1', 'IL33'), ('CASP1', 'AR'), ('HOXA10', 'MYCN'), ('SPI1', 'BCL6'), ('SPI1', 'ITGB2'), ('SPI1', 'MAPK1'), ('SPI1', 'PEBP1'), ('IRF1', 'BCL2'), ('IRF1', 'CIITA'), ('VEGFA', 'FLT1'), ('VEGFA', 'KDR'), ('ETS1', 'FLI1'), ('ETS1', 'IL2RB'), ('ETS1', 'LCK'), ('PTPN6', 'KDR'), ('PTPN6', 'KIT'), ('PTPN6', 'IL2RB'), ('HIPK2', 'NOX1'), ('JAK2', 'APOA1'), ('TBP', 'BCL2'), ('NCOA3', 'BCL2'), ('NR4A2', 'NR4A3'), ('NR4A2', 'RXRG'), ('TP53', 'UBD'), ('TP53', 'PADI4'), ('TP53', 'BCL2'), ('TP53', 'S100B'), ('TP53', 'HNF4A'), ('TP53', 'SCN3B'), ('TP53', 'FLT1'), ('TP53', 'MUC2'), ('TP53', 'PAX5'), ('TP53', 'PDGFRB'), ('HSPA8', 'CFTR'), ('PTK2', 'ITGB7'), ('HSP90AB1', 'AR'), ('VHL', 'AR'), ('BMF', 'BCL2'), ('CASP8', 'AR'), ('BAD', 'BCL2'), ('BCL2L11', 'BCL2A1'), ('BCL2L11', 'BCL2'), ('GSK3B', 'CIITA'), ('GSK3B', 'ESR1'), ('XBP1', 'ESR1'), ('TFAP2A', 'BCL2'), ('FHL2', 'AR'), ('KRAS', 'PIK3CG'), ('TLN1', 'ITGB3'), ('TLN1', 'ITGB7'), ('AKT1', 'ITGB3'), ('AKT1', 'NCF1'), ('AKT1', 'ESR1'), ('AKT1', 'AR'), ('AKT1', 'PPARGC1A'), ('AKT1', 'PLN'), ('AKT1', 'AGAP2'), ('MITF', 'KIT'), ('MITF', 'BCL2A1'), ('MITF', 'PPARGC1A'), ('KAT5', 'AR'), ('CD19', 'PIK3R1'), ('BNIP3', 'BCL2'), ('PDGFRB', 'FYN'), ('PDGFRB', 'PIK3R1'), ('PDGFRB', 'NCK1'), ('PDGFRB', 'CRK'), ('PDGFRB', 'RASA1'), ('PDGFRB', 'PTPN11'), ('PDGFRB', 'NCK2'), ('PDGFRB', 'PDGFRA'), ('PDGFRB', 'PLCG1'), ('PDGFRB', 'GRB2'), ('PDGFRB', 'SHC1'), ('PDGFRB', 'SRC'), ('PDGFRB', 'PTK2'), ('PDGFRB', 'GAB1'), ('PDGFRB', 'SH2B2'), ('PDGFRB', 'FER'), ('NRIP1', 'ESR1'), ('NR4A1', 'BCL2'), ('NR4A1', 'NR4A3'), ('PTPN1', 'PDGFRB'), ('SATB1', 'BCL2'), ('SATB1', 'SPI1'), ('PDK1', 'ITGB3'), ('ITGB7', 'CSK'), ('CREB1', 'BCL2'), ('REL', 'BCL2A1'), ('SP3', 'KDR'), ('SP3', 'MYCN'), ('DAB2IP', 'AR'), ('HSPB1', 'AR'), ('SP1', 'MYCN'), ('SP1', 'AR'), ('SP1', 'EDNRB'), ('SP1', 'ITGB3'), ('SP1', 'KDR'), ('SP1', 'MUC2'), ('CEBPB', 'IRF4'), ('BCL6', 'IRF4'), ('BCL6', 'FCER2'), ('KAT2B', 'HNF1A'), ('KAT2B', 'AR'), ('KAT2B', 'CIITA'), ('PRKAA1', 'CFTR'), ('PRKAA1', 'PPARGC1A'), ('PRKAA1', 'HNF4A'), ('NFKB1', 'AR'), ('NFKB1', 'BCL2A1'), ('NFKB1', 'BCL2'), ('NFKB1', 'IRF4'), ('NFKB1', 'CFTR'), ('NFKB1', 'MUC2'), ('CDH1', 'ITGB7'), ('ATM', 'BCL2'), ('ATM', 'HNF1A'), ('FOS', 'SPI1'), ('FOXM1', 'ESR1'), ('FOXM1', 'AR'), ('PTPN11', 'KDR'), ('LCK', 'PTPN6'), ('LCK', 'STAT1'), ('LCK', 'PIK3R1'), ('LCK', 'PLCG1'), ('LCK', 'NOTCH1'), ('LCK', 'KIT'), ('LCK', 'PIK3R2'), ('LCK', 'IL2RB'), ('LCK', 'SHC1'), ('LCK', 'STAT5A'), ('LCK', 'MUC1'), ('LCK', 'GAB2'), ('LCK', 'ESR1'), ('LCK', 'RASA1'), ('LCK', 'SOCS3'), ('LCK', 'RAF1'), ('LCK', 'PTEN'), ('LCK', 'NFKBIA'), ('LCK', 'MAPK14'), ('LCK', 'ABL1'), ('LCK', 'LCP2'), ('LCK', 'LAT'), ('LCK', 'ZAP70'), ('LCK', 'CBL'), ('LCK', 'PLCG2'), ('LCK', 'VAV2'), ('BRCA1', 'ESR1'), ('YY1', 'CFTR'), ('YY1', 'ACTC1'), ('IL2RB', 'SHC1'), ('IRS1', 'PIK3CG'), ('CTNNB1', 'HNF1A'), ('CTNNB1', 'NR4A3'), ('FER', 'AR'), ('PPP2R5C', 'BCL2'), ('PDPK1', 'ITGB3'), ('E2F1', 'BCL2'), ('E2F1', 'AR'), ('E2F1', 'MYCN'), ('STAT1', 'CIITA'), ('STAT1', 'CFTR'), ('FBXW7', 'PPARGC1A'), ('IRF4', 'BCL6'), ('IRF4', 'IRF5'), ('IRF4', 'FCER2'), ('IRF4', 'IRF3'), ('EGR1', 'AR'), ('EGR1', 'FCER2'), ('CSK', 'LCK'), ('CSK', 'FLT3'), ('CSK', 'KIT'), ('PAX3', 'MITF'), ('PAX3', 'LEF1'), ('PAX3', 'BCL2L1'), ('HSP90AA1', 'AR'), ('HSP90AA1', 'BCL2'), ('TIMP2', 'LRP2'), ('VDR', 'RXRG'), ('SRC', 'AR'), ('SRC', 'KDR'), ('SRC', 'KIT'), ('SRC', 'ITGB3'), ('SRC', 'ESR1'), ('SRC', 'HNF4A'), ('SRC', 'ITGB7'), ('SRC', 'RET'), ('SRC', 'FCGR2A'), ('SRC', 'BTK'), ('SOX2', 'NTRK3'), ('PLK1', 'SNCB'), ('APEX1', 'CD19'), ('SNCB', 'TP53'), ('DVL2', 'LRRK2'), ('DVL3', 'LRRK2'), ('DVL1', 'LRRK2'), ('ROCK2', 'IRF4'), ('ROCK2', 'SH3GL2'), ('LRRK2', 'MSN'), ('LRRK2', 'MAPT'), ('LRRK2', 'SH3GL2'), ('LRRK2', 'SNCA'), ('LRRK2', 'PRDX3'), ('LRRK2', 'RAB8A'), ('BTK', 'PLCG2'), ('BTK', 'PLCG1'), ('BTK', 'NFKBIA'), ('NRAS', 'PIK3CG'), ('LCP2', 'PLCG1'), ('CBL', 'ZAP70'), ('CBL', 'KIT'), ('ZAP70', 'TUBA1B'), ('ZAP70', 'LAT'), ('ZAP70', 'SHC1'), ('ZAP70', 'TUBA1A'), ('ZAP70', 'VAV2'), ('ZAP70', 'LCP2'), ('ZAP70', 'GAB2'), ('ZAP70', 'DUSP3'), ('PRKCA', 'ITGB3'), ('PRKCA', 'KIT'), ('PRKCA', 'BCL2'), ('MAP4K1', 'LCP2')]","['KIT', 'IL33', 'IL37', 'A2M', 'BCL2', 'LCP2', 'NR4A3', 'PIK3CG', 'SPI1', 'PLN', 'IRF4', 'CFTR', 'PPARGC1A', 'HNF1A', 'ESR1', 'UBD', 'ITGA4', 'PDGFRA', 'AR', 'MYCN', 'FLI1', 'PDCD1', 'ITGB7', 'LCK', 'IL2RB', 'CIITA', 'EDNRB', 'FCER2', 'SHC3', 'PADI4', 'ZBTB16', 'TLE4', 'MCM5', 'HNF4A', 'PAX5', 'MUC2', 'S100B', 'ITGB3', 'SFRP1', 'FLT3', 'PDGFRB', 'MAP1LC3C', 'NOX1', 'PGR', 'PAX3', 'LRP2', 'RXRG', 'NCF1', 'BCL2A1', 'AGAP2', 'SOCS6', 'ERBB4', 'FLT1', 'SCN3B', 'CD19', 'APOA1', 'KDR', 'RET', 'SNCB', 'RAB8A', 'SH3GL2', 'LRRK2', 'ACTC1', 'NTRK3', 'BTK', 'FCGR2A', 'ALK', 'ZAP70']","[('AXL', 'PIK3CG'), ('KIT', 'GRB2'), ('KIT', 'GRB7'), ('KIT', 'PTPN11'), ('KIT', 'STAT1'), ('KIT', 'JAK2'), ('KIT', 'PIK3R1'), ('BARD1', 'ESR1'), ('CHEK2', 'KIT'), ('PIK3R1', 'PIK3CG'), ('PMAIP1', 'BCL2A1'), ('PMAIP1', 'BCL2'), ('MDM2', 'AR'), ('RELA', 'PGR'), ('RELA', 'BCL2'), ('RELA', 'AR'), ('RELA', 'BCL2A1'), ('RELA', 'CFTR'), ('RELA', 'IRF4'), ('RELA', 'MUC2'), ('CAV1', 'PDGFRA'), ('CAV1', 'PDGFRB'), ('A2M', 'LRP1'), ('RNF5', 'CFTR'), ('BCL2', 'BIK'), ('BCL2', 'BECN1'), ('BCL2', 'BID'), ('BCL2', 'BAX'), ('BCL2', 'BAK1'), ('BCL2', 'XRCC6'), ('YBX1', 'MYCN'), ('CREBBP', 'HNF1A'), ('SOD1', 'BCL2'), ('HDAC7', 'ESR1'), ('HIF1A', 'AR'), ('HIF1A', 'EDNRB'), ('PPARA', 'RXRG'), ('RPS6KB1', 'ESR1'), ('LCP2', 'PLCG1'), ('PARP1', 'BCL2'), ('NR4A3', 'NR4A1'), ('NR4A3', 'NR4A2'), ('NR4A3', 'BCL2'), ('NR4A3', 'NR3C1'), ('NR4A3', 'PPARG'), ('PIK3CG', 'PDPK1'), ('PIK3CG', 'RAC1'), ('EIF4G2', 'BCL2'), ('RUNX1', 'SPI1'), ('HRAS', 'PIK3CG'), ('PKN1', 'AR'), ('SPI1', 'BCL6'), ('SPI1', 'ITGB2'), ('SPI1', 'MAPK1'), ('SPI1', 'PEBP1'), ('HIPK2', 'NOX1'), ('NR4A2', 'NR4A3'), ('NR4A2', 'RXRG'), ('PTK2', 'ITGB7'), ('RXRA', 'ESR1'), ('RXRA', 'AR'), ('RXRA', 'IL2RB'), ('CASP8', 'AR'), ('LYN', 'KIT'), ('LYN', 'CD19'), ('LYN', 'PDGFRB'), ('LYN', 'BTK'), ('LYN', 'FCGR2A'), ('BCL2L11', 'BCL2A1'), ('BCL2L11', 'BCL2'), ('BNIP3', 'BCL2'), ('NR4A1', 'BCL2'), ('NR4A1', 'NR4A3'), ('PTPN1', 'PDGFRB'), ('CSNK2A1', 'ESR1'), ('PDK1', 'ITGB3'), ('REL', 'BCL2A1'), ('SP3', 'KDR'), ('SP3', 'MYCN'), ('KAT2B', 'HNF1A'), ('KAT2B', 'AR'), ('KAT2B', 'CIITA'), ('NFKB1', 'AR'), ('NFKB1', 'BCL2A1'), ('NFKB1', 'BCL2'), ('NFKB1', 'IRF4'), ('NFKB1', 'CFTR'), ('NFKB1', 'MUC2'), ('ATM', 'BCL2'), ('ATM', 'HNF1A'), ('FOS', 'SPI1'), ('PTPRF', 'LCK'), ('PTPRF', 'RET'), ('STAT1', 'CIITA'), ('STAT1', 'CFTR'), ('IRF4', 'BCL6'), ('IRF4', 'IRF5'), ('IRF4', 'FCER2'), ('IRF4', 'IRF3'), ('FBXW7', 'PPARGC1A'), ('EGR1', 'AR'), ('EGR1', 'FCER2'), ('HSP90AA1', 'AR'), ('HSP90AA1', 'BCL2'), ('TIMP2', 'LRP2'), ('PLK1', 'SNCB'), ('APEX1', 'CD19'), ('PPP2CA', 'BCL2'), ('NCOA2', 'AR'), ('HNF1A', 'ESR1'), ('PER1', 'BCL2'), ('ESR1', 'HSPA8'), ('ESR1', 'RARA'), ('ESR1', 'PGR'), ('ESR1', 'PIK3R2'), ('ESR1', 'AR'), ('ESR1', 'CDKN1A'), ('ESR1', 'TP53'), ('ESR1', 'PPARG'), ('ESR1', 'CCND1'), ('ESR1', 'JUN'), ('ESR1', 'HSPB1'), ('ESR1', 'NCOA2'), ('ESR1', 'RXRA'), ('ESR1', 'JUNB'), ('ESR1', 'FOXO1'), ('ESR1', 'CTNNB1'), ('ESR1', 'PIK3R1'), ('ESR1', 'MYC'), ('ESR1', 'XBP1'), ('ESR1', 'BCL2'), ('ESR1', 'CTSD'), ('ESR1', 'BLM'), ('ESR1', 'HSPD1'), ('ESR1', 'SLC2A1'), ('ESR1', 'KRT8'), ('ESR1', 'NME1'), ('ESR1', 'NFE2L2'), ('ESR1', 'CCNA2'), ('ESR1', 'CDKN1B'), ('ESR1', 'HTRA2'), ('ESR1', 'KDR'), ('ESR1', 'NRF1'), ('ESR1', 'PMAIP1'), ('ESR1', 'VEGFA'), ('HDAC1', 'AR'), ('HDAC1', 'ESR1'), ('HDAC1', 'FLI1'), ('HDAC1', 'BCL2A1'), ('NCOA1', 'ESR1'), ('PAK1', 'ESR1'), ('GAB2', 'LCP2'), ('JAK1', 'IL2RB'), ('JAK1', 'BTK'), ('ITGA4', 'CSK'), ('PDGFRA', 'SHC1'), ('PDGFRA', 'PTK2'), ('PDGFRA', 'SRC'), ('PDGFRA', 'CRK'), ('PDGFRA', 'PLCG1'), ('PDGFRA', 'RASA1'), ('FOXO3', 'ESR1'), ('FOXO3', 'AR'), ('AR', 'JUN'), ('AR', 'AKT1'), ('AR', 'RELA'), ('AR', 'EP300'), ('AR', 'EGFR'), ('AR', 'FOXO1'), ('AR', 'CTNNB1'), ('AR', 'PTEN'), ('AR', 'ERBB2'), ('AR', 'IGF1R'), ('AR', 'ESR1'), ('AR', 'NR3C1'), ('AR', 'FOXO3'), ('AR', 'CFLAR'), ('AR', 'CASP2'), ('AR', 'CDKN1A'), ('AR', 'MME'), ('AR', 'ODC1'), ('AR', 'PMAIP1'), ('AR', 'KRT18'), ('AR', 'RXRA'), ('AR', 'ERBB3'), ('AR', 'CDC6'), ('AR', 'CDH1'), ('AR', 'MUC1'), ('AR', 'NFKB1'), ('AR', 'TSC1'), ('AR', 'TSC2'), ('AR', 'VEGFA'), ('AR', 'VIM'), ('AR', 'WEE1'), ('AR', 'XIAP'), ('AR', 'NRAS'), ('MYCN', 'TP53'), ('MYCN', 'NDRG1'), ('MYCN', 'CDKN1A'), ('MYCN', 'HDAC2'), ('MYCN', 'SKP2'), ('MYCN', 'BMI1'), ('MYCN', 'MCM6'), ('MYCN', 'MCM4'), ('MYCN', 'MCM5'), ('MYCN', 'MCM2'), ('MYCN', 'MCM3'), ('MYCN', 'MCM7'), ('MYCN', 'BAX'), ('MYCN', 'BIRC5'), ('MYCN', 'CD44'), ('MYCN', 'CIITA'), ('MYCN', 'CTSD'), ('MYCN', 'MCM10'), ('MYCN', 'MYBL2'), ('MYCN', 'TP53INP1'), ('STAT3', 'FLT3'), ('STAT3', 'BCL2'), ('STAT3', 'SPI1'), ('STAT3', 'PAX3'), ('DDIT3', 'BCL2'), ('VEGFB', 'FLT1'), ('VEGFB', 'KDR'), ('HNRNPK', 'AR'), ('DDB2', 'BCL2'), ('FLI1', 'BCL2'), ('FLI1', 'FOXM1'), ('FLI1', 'ID2'), ('FLI1', 'TGFBR2'), ('NCOR2', 'PGR'), ('NCOR2', 'AR'), ('MYB', 'KIT'), ('MYB', 'BCL2'), ('MYB', 'LCK'), ('PTTG1', 'KDR'), ('MAPK8', 'BCL2'), ('MAPK8', 'ESR1'), ('MAPK1', 'BCL2'), ('MAPK1', 'LCK'), ('MAPK1', 'NCF1'), ('MAPK1', 'ESR1'), ('MAPK1', 'PGR'), ('MAPK1', 'AR'), ('MAPK1', 'PAX5'), ('WWTR1', 'PAX3'), ('SREBF2', 'HNF4A'), ('ABL1', 'CD19'), ('ABL1', 'PDGFRB'), ('ABL1', 'ESR1'), ('ABL1', 'BCL2'), ('ABL1', 'BTK'), ('CASP1', 'IL37'), ('CASP1', 'IL33'), ('CASP1', 'AR'), ('HOXA10', 'MYCN'), ('IRF1', 'BCL2'), ('IRF1', 'CIITA'), ('VEGFA', 'FLT1'), ('VEGFA', 'KDR'), ('PTPRB', 'KDR'), ('PTPRB', 'ALK'), ('JAK2', 'APOA1'), ('NCOA3', 'BCL2'), ('TP53', 'UBD'), ('TP53', 'PADI4'), ('TP53', 'BCL2'), ('TP53', 'S100B'), ('TP53', 'HNF4A'), ('TP53', 'SCN3B'), ('TP53', 'FLT1'), ('TP53', 'MUC2'), ('TP53', 'PAX5'), ('TP53', 'PDGFRB'), ('BAD', 'BCL2'), ('GSK3B', 'CIITA'), ('GSK3B', 'ESR1'), ('ITGB7', 'CSK'), ('BCL6', 'IRF4'), ('BCL6', 'FCER2'), ('LCK', 'PTPN6'), ('LCK', 'STAT1'), ('LCK', 'PIK3R1'), ('LCK', 'PLCG1'), ('LCK', 'NOTCH1'), ('LCK', 'KIT'), ('LCK', 'LCP2'), ('LCK', 'LAT'), ('LCK', 'PIK3R2'), ('LCK', 'IL2RB'), ('LCK', 'CBL'), ('LCK', 'PLCG2'), ('LCK', 'SHC1'), ('LCK', 'STAT5A'), ('LCK', 'MUC1'), ('LCK', 'GAB2'), ('LCK', 'ESR1'), ('LCK', 'RASA1'), ('LCK', 'SOCS3'), ('LCK', 'VAV2'), ('LCK', 'RAF1'), ('LCK', 'PTEN'), ('LCK', 'CCDC50'), ('LCK', 'NFKBIA'), ('LCK', 'MAPK14'), ('LCK', 'ABL1'), ('LCK', 'JAK1'), ('LCK', 'ZAP70'), ('IL2RB', 'SHC1'), ('FER', 'AR'), ('PDPK1', 'ITGB3'), ('E2F1', 'BCL2'), ('E2F1', 'AR'), ('E2F1', 'MYCN'), ('SRC', 'AR'), ('SRC', 'KDR'), ('SRC', 'KIT'), ('SRC', 'ITGB3'), ('SRC', 'RET'), ('SRC', 'ESR1'), ('SRC', 'HNF4A'), ('SRC', 'ITGB7'), ('SRC', 'FCGR2A'), ('SRC', 'BTK'), ('GATA2', 'SPI1'), ('GATA2', 'AR'), ('PTPRA', 'LCK'), ('CIITA', 'SIRT1'), ('CIITA', 'HLA-A'), ('CIITA', 'HLA-B'), ('CIITA', 'HLA-C'), ('PPARG', 'CIITA'), ('PPARG', 'RXRG'), ('PPARG', 'BCL2'), ('CASP7', 'AR'), ('PIM1', 'FLT3'), ('MYC', 'SFRP1'), ('EDNRB', 'GNAQ'), ('EDNRB', 'GNAI3'), ('EDNRB', 'GNAI1'), ('NR3C1', 'AR'), ('NR3C1', 'LCK'), ('NR3C1', 'NR4A3'), ('PIK3CA', 'BTK'), ('SIRT1', 'PPARGC1A'), ('SHC3', 'GRB2'), ('NCOR1', 'ESR1'), ('NCOR1', 'AR'), ('EP300', 'ZBTB16'), ('EP300', 'AR'), ('EP300', 'FLI1'), ('ERBB2', 'SHC3'), ('ERBB2', 'ERBB4'), ('ERBB2', 'ESR1'), ('NTRK2', 'SHC3'), ('PADI4', 'NPM1'), ('ZBTB16', 'CEBPA'), ('ZBTB16', 'CCNA2'), ('ZBTB16', 'MYC'), ('ZBTB16', 'ID2'), ('ZBTB16', 'BCL2'), ('ZBTB16', 'BID'), ('MECP2', 'ESR1'), ('CASP3', 'BCL2'), ('CASP3', 'AR'), ('HNF4A', 'MYC'), ('HNF4A', 'APOA1'), ('HNF4A', 'GFER'), ('HNF4A', 'LDLR'), ('PAX5', 'TLE4'), ('PAX5', 'CD19'), ('PAX5', 'XBP1'), ('PAX5', 'LEF1'), ('PAX5', 'PDCD1'), ('PAX5', 'BAX'), ('PAX5', 'BCL2'), ('PAX5', 'CCND1'), ('PAX5', 'CDKN1A'), ('PAX5', 'FHL2'), ('PAX5', 'MET'), ('PAX5', 'MYCN'), ('PAX5', 'TIMP1'), ('PAX5', 'TP53'), ('RBX1', 'ESR1'), ('ATF1', 'CFTR'), ('EZH2', 'AR'), ('EZH2', 'CIITA'), ('ITGB3', 'PTK2'), ('ITGB3', 'CSK'), ('NRG1', 'ERBB4'), ('ETS1', 'FLI1'), ('ETS1', 'IL2RB'), ('ETS1', 'LCK'), ('HDAC2', 'CIITA'), ('PTPN6', 'KDR'), ('PTPN6', 'LCP2'), ('PTPN6', 'KIT'), ('PTPN6', 'IL2RB'), ('CDK6', 'BCL2'), ('VHL', 'AR'), ('BMF', 'BCL2'), ('FLT3', 'SHC1'), ('FLT3', 'GRB2'), ('FLT3', 'STAT5A'), ('FLT3', 'PTPN11'), ('FLT3', 'CDKN1B'), ('FLT3', 'GRB10'), ('FLT3', 'CTNNB1'), ('TFAP2A', 'BCL2'), ('FHL2', 'AR'), ('TLN1', 'ITGB3'), ('TLN1', 'ITGB7'), ('AKT1', 'ITGB3'), ('AKT1', 'NCF1'), ('AKT1', 'ESR1'), ('AKT1', 'AR'), ('AKT1', 'PPARGC1A'), ('AKT1', 'PLN'), ('AKT1', 'AGAP2'), ('MITF', 'KIT'), ('MITF', 'BCL2A1'), ('MITF', 'PPARGC1A'), ('PDGFRB', 'FYN'), ('PDGFRB', 'PIK3R1'), ('PDGFRB', 'NCK1'), ('PDGFRB', 'CRK'), ('PDGFRB', 'RASA1'), ('PDGFRB', 'PTPN11'), ('PDGFRB', 'NCK2'), ('PDGFRB', 'PDGFRA'), ('PDGFRB', 'PLCG1'), ('PDGFRB', 'GRB2'), ('PDGFRB', 'SHC1'), ('PDGFRB', 'SRC'), ('PDGFRB', 'PTK2'), ('PDGFRB', 'GAB1'), ('PDGFRB', 'SH2B2'), ('PDGFRB', 'FER'), ('CREB1', 'BCL2'), ('FOXM1', 'ESR1'), ('FOXM1', 'AR'), ('PGR', 'RELA'), ('PGR', 'ESR1'), ('PGR', 'ERBB2'), ('PGR', 'FOXO1'), ('PGR', 'BCL2'), ('PGR', 'E2F1'), ('BRCA1', 'ESR1'), ('YY1', 'CFTR'), ('YY1', 'ACTC1'), ('PPP2R5C', 'BCL2'), ('CDK5', 'AR'), ('CDK5', 'AGAP2'), ('PAX3', 'MITF'), ('PAX3', 'LEF1'), ('PAX3', 'BCL2L1'), ('VDR', 'RXRG'), ('MAPK3', 'BCL2'), ('MAPK3', 'LCK'), ('MAPK3', 'NCF1'), ('MAPK3', 'ESR1'), ('MAPK3', 'PGR'), ('MAPK3', 'PAX5'), ('CDK2', 'PGR'), ('CDK2', 'ESR1'), ('CDK2', 'ZBTB16'), ('RXRG', 'RARA'), ('RXRG', 'THRA'), ('RXRG', 'VDR'), ('RXRG', 'NR4A2'), ('EGFR', 'ESR1'), ('EGFR', 'SHC3'), ('JUNB', 'BCL2'), ('SUMO1', 'ZBTB16'), ('JUN', 'SPI1'), ('JUN', 'AR'), ('JUN', 'PGR'), ('MTA1', 'ESR1'), ('SYK', 'ITGB3'), ('SYK', 'LCP2'), ('SYK', 'LCK'), ('SYK', 'PAX5'), ('SYK', 'BTK'), ('SYK', 'FCGR2A'), ('ERBB3', 'PIK3CG'), ('TP53INP1', 'MAP1LC3C'), ('TWIST1', 'ESR1'), ('THRA', 'RXRG'), ('MAPK14', 'BCL2'), ('MAPK14', 'PPARGC1A'), ('MAPK14', 'ESR1'), ('MAPK14', 'AR'), ('PRKACA', 'PLN'), ('PRKACA', 'ESR1'), ('PRKACA', 'CFTR'), ('PRKACA', 'ITGA4'), ('PRKACA', 'RET'), ('PRKACA', 'CIITA'), ('JUND', 'ITGB3'), ('NFE2L2', 'CFTR'), ('CBL', 'FLT3'), ('CBL', 'PDGFRA'), ('CBL', 'KIT'), ('CBL', 'ZAP70'), ('IKBKE', 'ESR1'), ('PAX6', 'SFRP1'), ('CEBPA', 'SPI1'), ('CEBPA', 'BCL2'), ('SOCS6', 'KIT'), ('CDK1', 'AR'), ('CDK7', 'ESR1'), ('CDK7', 'AR'), ('FYN', 'KIT'), ('FYN', 'LCK'), ('FYN', 'LCP2'), ('FYN', 'AGAP2'), ('SMAD3', 'ESR1'), ('SMAD3', 'AR'), ('PML', 'FLT3'), ('FOXO1', 'AR'), ('ETS2', 'FLI1'), ('ETS2', 'LCK'), ('ERBB4', 'PIK3CD'), ('ERBB4', 'PIK3CA'), ('ERBB4', 'SHC3'), ('ERBB4', 'ESR1'), ('ERBB4', 'STAT5A'), ('ERBB4', 'GRB2'), ('ERBB4', 'PIK3CB'), ('ERBB4', 'MDM2'), ('ERBB4', 'BAK1'), ('ERBB4', 'PIK3CG'), ('XBP1', 'ESR1'), ('TBP', 'BCL2'), ('HSPA8', 'CFTR'), ('HSP90AB1', 'AR'), ('FLT1', 'PLCG1'), ('KRAS', 'PIK3CG'), ('KAT5', 'AR'), ('CD19', 'PIK3R1'), ('NRIP1', 'ESR1'), ('APOA1', 'ABCA1'), ('SATB1', 'BCL2'), ('SATB1', 'SPI1'), ('DAB2IP', 'AR'), ('HSPB1', 'AR'), ('SP1', 'MYCN'), ('SP1', 'AR'), ('SP1', 'PGR'), ('SP1', 'EDNRB'), ('SP1', 'ITGB3'), ('SP1', 'KDR'), ('SP1', 'MUC2'), ('CEBPB', 'IRF4'), ('PRKAA1', 'CFTR'), ('PRKAA1', 'PPARGC1A'), ('PRKAA1', 'HNF4A'), ('CDH1', 'ITGB7'), ('KDR', 'GRB2'), ('KDR', 'SHC1'), ('KDR', 'PLCG1'), ('KDR', 'PIK3R1'), ('KDR', 'SHC2'), ('KDR', 'PTK2'), ('PTPN11', 'KDR'), ('IRS1', 'PIK3CG'), ('CTNNB1', 'HNF1A'), ('CTNNB1', 'NR4A3'), ('CSK', 'LCK'), ('CSK', 'FLT3'), ('CSK', 'KIT'), ('SOX2', 'NTRK3'), ('RET', 'PTK2'), ('RET', 'MAPK8'), ('RET', 'SHC1'), ('RET', 'GRB2'), ('RET', 'STAT3'), ('RET', 'GRB10'), ('RET', 'GRB7'), ('RET', 'MAPK14'), ('RET', 'PDPK1'), ('RET', 'AKT1'), ('RET', 'MAPK3'), ('RET', 'MAPK1'), ('SNCB', 'TP53'), ('DVL2', 'LRRK2'), ('DVL3', 'LRRK2'), ('DVL1', 'LRRK2'), ('ROCK2', 'IRF4'), ('ROCK2', 'SH3GL2'), ('LRRK2', 'MSN'), ('LRRK2', 'MAPT'), ('LRRK2', 'SH3GL2'), ('LRRK2', 'SNCA'), ('LRRK2', 'PRDX3'), ('LRRK2', 'RAB8A'), ('BTK', 'STAT5A'), ('BTK', 'PLCG2'), ('BTK', 'PLCG1'), ('BTK', 'NFKBIA'), ('NRAS', 'PIK3CG'), ('ALK', 'PLCG1'), ('ALK', 'SHC1'), ('ALK', 'STAT3'), ('ALK', 'SHC3'), ('ZAP70', 'TUBA1B'), ('ZAP70', 'LAT'), ('ZAP70', 'SHC1'), ('ZAP70', 'TUBA1A'), ('ZAP70', 'VAV2'), ('ZAP70', 'LCP2'), ('ZAP70', 'GAB2'), ('ZAP70', 'MUC1'), ('ZAP70', 'DUSP3'), ('PRKCA', 'ITGB3'), ('PRKCA', 'KIT'), ('PRKCA', 'BCL2'), ('MAP4K1', 'LCP2')]",[],[],['NR1I2'],"[('NR1I2', 'FOXO1'), ('NR1I2', 'RXRA'), ('NR1I2', 'BCL2'), ('NR1I2', 'BCL2L1'), ('NR1I2', 'NFKB1'), ('NR1I2', 'NOD1'), ('NR1I2', 'RAB3A'), ('NR1I2', 'RELA'), ('HNF4A', 'NR1I2'), ('FOXO1', 'NR1I2')]"
20,1.0,1.0,1.0,1.0,1.0,1.0,1.0,1.0,0.9990196078431373,0.9978350292271054,[],[],[],[],[],[],[],[],['NR1I2'],"[('NR1I2', 'FOXO1'), ('NR1I2', 'RXRA'), ('NR1I2', 'BCL2'), ('NR1I2', 'BCL2L1'), ('NR1I2', 'NFKB1'), ('NR1I2', 'NOD1'), ('NR1I2', 'RAB3A'), ('NR1I2', 'RELA'), ('HNF4A', 'NR1I2'), ('FOXO1', 'NR1I2')]"
21,1.0,1.0,1.0,1.0,1.0,1.0,1.0,1.0,0.9990196078431373,0.9978350292271054,[],[],[],[],[],[],[],[],['NR1I2'],"[('NR1I2', 'FOXO1'), ('NR1I2', 'RXRA'), ('NR1I2', 'BCL2'), ('NR1I2', 'BCL2L1'), ('NR1I2', 'NFKB1'), ('NR1I2', 'NOD1'), ('NR1I2', 'RAB3A'), ('NR1I2', 'RELA'), ('HNF4A', 'NR1I2'), ('FOXO1', 'NR1I2')]"
22,1.0,1.0,1.0,1.0,1.0,1.0,1.0,1.0,0.9990196078431373,0.9978350292271054,[],[],[],[],[],[],[],[],['NR1I2'],"[('NR1I2', 'FOXO1'), ('NR1I2', 'RXRA'), ('NR1I2', 'BCL2'), ('NR1I2', 'BCL2L1'), ('NR1I2', 'NFKB1'), ('NR1I2', 'NOD1'), ('NR1I2', 'RAB3A'), ('NR1I2', 'RELA'), ('HNF4A', 'NR1I2'), ('FOXO1', 'NR1I2')]"
23,1.0,1.0,1.0,1.0,1.0,1.0,1.0,1.0,0.9990196078431373,0.9978350292271054,[],[],[],[],[],[],[],[],['NR1I2'],"[('NR1I2', 'FOXO1'), ('NR1I2', 'RXRA'), ('NR1I2', 'BCL2'), ('NR1I2', 'BCL2L1'), ('NR1I2', 'NFKB1'), ('NR1I2', 'NOD1'), ('NR1I2', 'RAB3A'), ('NR1I2', 'RELA'), ('HNF4A', 'NR1I2'), ('FOXO1', 'NR1I2')]"
24,1.0,1.0,1.0,1.0,1.0,1.0,1.0,1.0,0.9990196078431373,0.9978350292271054,[],[],[],[],[],[],[],[],['NR1I2'],"[('NR1I2', 'FOXO1'), ('NR1I2', 'RXRA'), ('NR1I2', 'BCL2'), ('NR1I2', 'BCL2L1'), ('NR1I2', 'NFKB1'), ('NR1I2', 'NOD1'), ('NR1I2', 'RAB3A'), ('NR1I2', 'RELA'), ('HNF4A', 'NR1I2'), ('FOXO1', 'NR1I2')]"
25,1.0,1.0,1.0,1.0,1.0,1.0,1.0,1.0,0.9990196078431373,0.9978350292271054,[],[],[],[],[],[],[],[],['NR1I2'],"[('NR1I2', 'FOXO1'), ('NR1I2', 'RXRA'), ('NR1I2', 'BCL2'), ('NR1I2', 'BCL2L1'), ('NR1I2', 'NFKB1'), ('NR1I2', 'NOD1'), ('NR1I2', 'RAB3A'), ('NR1I2', 'RELA'), ('HNF4A', 'NR1I2'), ('FOXO1', 'NR1I2')]"
26,1.0,1.0,1.0,1.0,1.0,1.0,1.0,1.0,0.9990196078431373,0.9978350292271054,[],[],[],[],[],[],[],[],['NR1I2'],"[('NR1I2', 'FOXO1'), ('NR1I2', 'RXRA'), ('NR1I2', 'BCL2'), ('NR1I2', 'BCL2L1'), ('NR1I2', 'NFKB1'), ('NR1I2', 'NOD1'), ('NR1I2', 'RAB3A'), ('NR1I2', 'RELA'), ('HNF4A', 'NR1I2'), ('FOXO1', 'NR1I2')]"
27,1.0,1.0,1.0,1.0,1.0,1.0,1.0,1.0,0.9990196078431373,0.9978350292271054,[],[],[],[],[],[],[],[],['NR1I2'],"[('NR1I2', 'FOXO1'), ('NR1I2', 'RXRA'), ('NR1I2', 'BCL2'), ('NR1I2', 'BCL2L1'), ('NR1I2', 'NFKB1'), ('NR1I2', 'NOD1'), ('NR1I2', 'RAB3A'), ('NR1I2', 'RELA'), ('HNF4A', 'NR1I2'), ('FOXO1', 'NR1I2')]"
28,1.0,1.0,1.0,1.0,1.0,1.0,1.0,1.0,0.9990196078431373,0.9978350292271054,[],[],[],[],[],[],[],[],['NR1I2'],"[('NR1I2', 'FOXO1'), ('NR1I2', 'RXRA'), ('NR1I2', 'BCL2'), ('NR1I2', 'BCL2L1'), ('NR1I2', 'NFKB1'), ('NR1I2', 'NOD1'), ('NR1I2', 'RAB3A'), ('NR1I2', 'RELA'), ('HNF4A', 'NR1I2'), ('FOXO1', 'NR1I2')]"
29,1.0,1.0,1.0,1.0,1.0,1.0,1.0,1.0,0.9990196078431373,0.9978350292271054,[],[],[],[],[],[],[],[],['NR1I2'],"[('NR1I2', 'FOXO1'), ('NR1I2', 'RXRA'), ('NR1I2', 'BCL2'), ('NR1I2', 'BCL2L1'), ('NR1I2', 'NFKB1'), ('NR1I2', 'NOD1'), ('NR1I2', 'RAB3A'), ('NR1I2', 'RELA'), ('HNF4A', 'NR1I2'), ('FOXO1', 'NR1I2')]"
30,1.0,1.0,1.0,1.0,1.0,1.0,1.0,1.0,0.9990196078431373,0.9978350292271054,[],[],[],[],[],[],[],[],['NR1I2'],"[('NR1I2', 'FOXO1'), ('NR1I2', 'RXRA'), ('NR1I2', 'BCL2'), ('NR1I2', 'BCL2L1'), ('NR1I2', 'NFKB1'), ('NR1I2', 'NOD1'), ('NR1I2', 'RAB3A'), ('NR1I2', 'RELA'), ('HNF4A', 'NR1I2'), ('FOXO1', 'NR1I2')]"
31,1.0,1.0,1.0,1.0,1.0,1.0,1.0,1.0,0.9990196078431373,0.9978350292271054,[],[],[],[],[],[],[],[],['NR1I2'],"[('NR1I2', 'FOXO1'), ('NR1I2', 'RXRA'), ('NR1I2', 'BCL2'), ('NR1I2', 'BCL2L1'), ('NR1I2', 'NFKB1'), ('NR1I2', 'NOD1'), ('NR1I2', 'RAB3A'), ('NR1I2', 'RELA'), ('HNF4A', 'NR1I2'), ('FOXO1', 'NR1I2')]"
32,1.0,1.0,1.0,1.0,1.0,1.0,1.0,1.0,0.9990196078431373,0.9978350292271054,[],[],[],[],[],[],[],[],['NR1I2'],"[('NR1I2', 'FOXO1'), ('NR1I2', 'RXRA'), ('NR1I2', 'BCL2'), ('NR1I2', 'BCL2L1'), ('NR1I2', 'NFKB1'), ('NR1I2', 'NOD1'), ('NR1I2', 'RAB3A'), ('NR1I2', 'RELA'), ('HNF4A', 'NR1I2'), ('FOXO1', 'NR1I2')]"
33,1.0,1.0,1.0,1.0,1.0,1.0,1.0,1.0,0.9990196078431373,0.9978350292271054,[],[],[],[],[],[],[],[],['NR1I2'],"[('NR1I2', 'FOXO1'), ('NR1I2', 'RXRA'), ('NR1I2', 'BCL2'), ('NR1I2', 'BCL2L1'), ('NR1I2', 'NFKB1'), ('NR1I2', 'NOD1'), ('NR1I2', 'RAB3A'), ('NR1I2', 'RELA'), ('HNF4A', 'NR1I2'), ('FOXO1', 'NR1I2')]"
34,1.0,1.0,1.0,1.0,1.0,1.0,1.0,1.0,0.9990196078431373,0.9978350292271054,[],[],[],[],[],[],[],[],['NR1I2'],"[('NR1I2', 'FOXO1'), ('NR1I2', 'RXRA'), ('NR1I2', 'BCL2'), ('NR1I2', 'BCL2L1'), ('NR1I2', 'NFKB1'), ('NR1I2', 'NOD1'), ('NR1I2', 'RAB3A'), ('NR1I2', 'RELA'), ('HNF4A', 'NR1I2'), ('FOXO1', 'NR1I2')]"
