{"LRRK2": "MAP2K4", "PIK3CA": "PTK2B", "CREB1": "SNAI2", "SFN": "SNAI1", "SKI": "MDM2", "GNA12": "RHOA", "AURKA": "NEDD9", "JAK1": "DBP", "SUMO1": "XRCC4", "EGLN2": "FOXO3", "PXN": "ILK", "SH3RF1": "MAPK8", "FGFR2": "PLCG1", "GABARAPL1": "SQSTM1", "HSP90AA1": "DAPK1", "SMARCB1": "CDKN2A", "NCOR2": "CTBP1", "SIRT1": "NQO1", "STAT5A": "SUMO1", "UBE4B": "PTTG1", "GTF2I": "SIRT1", "DDX3X": "SP1", "TLK1": "RAD9A", "BAX": "COX5B", "SP3": "YY1", "BCL10": "IKBKG", "PTPA": "AKT3", "EGLN3": "BCL2L11", "ETS1": "TNC", "SQSTM1": "KEAP1", "BCL2L1": "VDAC1", "GRB2": "MAP4K1", "NR3C1": "SRF", "LAT": "VAV1", "FOXO3": "FOXM1", "AATF": "MYC", "ITGB7": "CSK", "BCAR1": "PIK3R1", "CHEK2": "KIT", "TPX2": "KIF11", "PTK2": "TRIO", "MLH1": "PMS2", "ZFP36": "VEGFA", "HBEGF": "ERBB4", "NCOA1": "CDKN1A", "CBLC": "LRIG1", "PAK1": "PA2G4", "SRC": "ARHGDIA", "NLK": "NOTCH1", "ARRB1": "F2RL1", "SH2B2": "INSR", "WWTR1": "BAX", "UHRF1": "RB1", "EP300": "LAMA3", "ANXA1": "FPR1", "PARP1": "H2BC11", "PTPN13": "INSR", "NFKB2": "SND1", "TGIF1": "SERPINE1", "ITGA6": "CSK", "HTT": "PAK2", "CTNNBIP1": "CTNNB1", "NFKB1": "XIAP", "GSK3B": "PRKCE", "RBBP7": "CDH1", "PCNA": "NEIL1", "BUB1B": "CDC20", "IRAK1": "TAB2", "NFYB": "FXR2", "CRKL": "MAP4K1", "YWHAZ": "GEM", "JUN": "CSF1", "ITGA4": "CSK", "CDK6": "PRDX1", "HIPK2": "VIM", "PIK3R1": "RAC1", "PIK3R2": "RAC1", "MAP3K11": "MAP2K4", "HSPD1": "BAX", "MAPK8": "STAT6", "EIF2AK2": "NFKBIA", "TLN1": "ITGB2", "NRIP1": "PPARA", "DLX5": "MYC", "SIAH2": "VAV2", "CDC42": "MAP3K1", "LRIG1": "CBLC", "TLK2": "ASF1A", "MYB": "TK1", "FANCC": "BLM", "ILF3": "BIRC5", "MAPK6": "NCOA3", "RXRG": "NR4A2", "SLC9A1": "EZR", "IL6ST": "GAB2", "PPP1CA": "TRIM28", "HSP90AB1": "CBLL1", "EIF4G2": "BCL2", "CDKN1B": "CCND3", "PPM1A": "IKBKB", "SMAD2": "DAPK1", "NCOA3": "BCL2", "CALM2": "ADCY8", "GNA13": "RHOA", "CASP3": "PPP3R1", "CREBBP": "HINFP", "DAXX": "TGFBR2", "LIF": "IL6ST", "SYK": "PTK2B", "TRAF6": "TAB2", "BIRC5": "CASP9", "BAK1": "DIABLO", "CCNH": "CDK7", "KLF4": "KRT19", "TNFAIP3": "RELA", "GATA2": "NOS3", "GAPDH": "APEX1", "CDKN2B": "CDK4", "REV1": "REV3L", "BARD1": "ESR1", "TP73": "TERT", "PMS2": "TP73", "CDK7": "RARA", "BRCA1": "VEGFA", "XPO1": "SMAD4", "XIAP": "CASP3", "CDK4": "CELF1", "NR4A3": "PPARG", "AKAP12": "PRKCA", "SIAH1": "NOTCH1", "ETV6": "MAD2L1", "PML": "UBA7", "RHEB": "RAF1", "TWIST1": "ILK", "PRC1": "KIF23", "IRF1": "SOCS2", "PLCG1": "DAG1", "RRM2B": "RRM1", "LEF1": "MITF", "SMAD3": "DAPK1", "HDAC3": "PAG1", "CCND3": "CCNE1", "FADD": "RIPK1", "TRAF2": "TICAM1", "NFYC": "FXR2", "CSK": "YES1", "MOB1A": "LATS1", "DDIT3": "SIRT2", "IFNAR1": "IFNGR1", "PEBP1": "RAF1", "ARRB2": "INPP5D", "IKBKB": "DOK1", "APAF1": "CASP9", "GATA4": "NOS3", "SRSF1": "NFKB1", "MBD2": "GSTP1", "XRCC6": "UBE2S", "PPM1D": "H2AX", "ACTN1": "CAPN1", "ABL1": "CSF1", "WRN": "POLD4", "RAD21": "RUNX1", "SIVA1": "BCL2L1", "EZH2": "SATB1", "ZBTB4": "CDKN1A", "RIN1": "NRAS", "E2F8": "E2F1", "COL18A1": "ITGA5", "FANCL": "FANCI", "DCTN6": "PLK1", "TNFRSF10B": "TRADD", "FLI1": "TGFBR2", "PTPN6": "PTK2B", "THBS1": "SDC1", "IL2RB": "SHC1", "PAX6": "MET", "RABGGTA": "RAB5A", "TRRAP": "MITF", "UBXN2B": "AURKA", "JUNB": "PTGS2", "EIF4EBP1": "EIF4E", "SIN3A": "E2F1", "NCK2": "PAK1", "LCK": "EPHA3", "BRCA2": "POLH", "CEBPB": "INSR", "KRT18": "TRADD", "ESCO1": "RAD21", "FLNA": "SPHK1", "KLF11": "SIN3A", "ACTB": "ABL1", "MYCN": "TP53INP1", "RIPK2": "MAP3K7", "IRF3": "SOCS2", "IFI16": "MYC", "PKN1": "PGM1", "FBXW7": "DAB2IP", "KAT2A": "SMAD7", "RNF111": "AP2M1", "VEGFB": "KDR", "CTSD": "APP", "FANCD2": "BRCA2", "RECQL4": "POLB", "MXD1": "TERT", "MAPK14": "PPP1R15A", "BUB1": "SMC1A", "PPP2CA": "NEDD9", "HDAC5": "YY1", "BNIP3L": "GABARAPL1", "ASF1B": "CHAF1B", "ASF1A": "EP300", "AXL": "PIK3CG", "SOCS5": "EGFR", "SREBF1": "PDX1", "MUTYH": "ATR", "STIM1": "TRPC1", "DTL": "KMT5A", "TSC1": "RHEB", "ICAM1": "ITGB2", "MAP3K5": "CDKN1A", "TRAF1": "TRAF2", "SUZ12": "TWIST1", "PER2": "TWIST1", "RANBP2": "CDKN1B", "FANCM": "TOPBP1", "EEF1A1": "PLCG1", "BAD": "TP53", "KMT5A": "TP53", "CDK5": "AGAP2", "AKT3": "BMI1", "FLT3": "CTNNB1", "ZBTB16": "SOX9", "SP1": "SOX9", "AMOT": "WWTR1", "ERBB3": "PIK3CG", "NR4A2": "NR3C1", "EPN1": "EGFR", "TNFRSF10A": "TRADD", "PTEN": "SHC1", "WASL": "ARPC1B", "BCL6": "SUMO1", "PRKAB1": "IRS1", "CDT1": "MCM2", "GAB1": "ARHGAP32", "ZFP36L1": "VEGFA", "ERBB2": "SNTA1", "TFCP2": "PAX6", "ITGAV": "CSK", "MAP1LC3A": "SQSTM1", "TFDP1": "TYMS", "E2F7": "SP1", "MDM4": "TP53", "MUC1": "KLF4", "ESR1": "NQO1", "GDF15": "ERBB2", "BCL2L2": "BIK", "HDAC7": "PLAGL2", "LCP2": "PLCG1", "PGR": "PTGS2", "DIABLO": "BIRC3", "SMAD4": "MEF2A", "ANAPC1": "CTNNB1", "TRIO": "RHOA", "E2F2": "EED", "SHC1": "INPP5D", "DUSP1": "FANCI", "MAP3K14": "MAP3K1", "GRIP1": "MEF2C", "TERF2": "WRN", "CRADD": "CASP2", "KEAP1": "RAC1", "USP37": "FZR1", "CCND2": "CDK6", "ITGB1": "PTK2B", "ZBTB17": "CDKN1A", "AMOTL2": "SRC", "LIFR": "JAK2", "KAT2B": "GLI1", "POLH": "REV1", "UBE2A": "PCNA", "PER1": "BCL2", "CLSPN": "UBE2B", "E2F3": "AURKA", "CARD8": "APAF1", "PRKAA1": "POU2F1", "STK3": "RCC1", "GADD45A": "MAPK14", "ARID3A": "PML", "TCF7L2": "STARD7", "RAD51": "SP1", "XRCC3": "RAD51", "IRF9": "SP100", "MAX": "ODC1", "CLK2": "PTPN1", "PMAIP1": "GMCL1", "NCOA2": "RARA", "MAP1LC3B": "SQSTM1", "ERF": "ETS2", "PTGS2": "KEAP1", "EGR1": "VEGFA", "HDAC4": "VEGFA", "CDKN2AIP": "TP53", "TCF4": "VIM", "STIP1": "HSP90AB1", "XRCC1": "PNKP", "HDAC6": "HSP90B1", "ITGA5": "CSK", "SPI1": "CD40", "PIDD1": "CASP2", "HELLS": "DNMT1", "CDC34": "NFKBIA", "THRA": "GATA2", "STK4": "MAP2K4", "ERRFI1": "ERBB2", "ATF3": "LDLR", "ATF1": "MITF", "BIRC3": "CASP3", "TGFA": "ERBB2", "AKT1S1": "RPTOR", "CTNND1": "CDH2", "KREMEN1": "LRP6", "KREMEN2": "LRP6", "PTTG1": "VEGFA", "CDH3": "CTNNB1", "RAD52": "RAD51", "CRK": "MAP4K5", "CALM3": "GEM", "BCL2L11": "BAK1", "XPA": "CEP164", "ARAF": "MAP2K2", "GRB14": "INSR", "CASP10": "RIPK1", "SNAI2": "VDR", "AR": "NRAS", "MAPK1": "MYLK", "VEGFA": "EGFR", "ADRB2": "GNAQ", "AURKB": "YY1", "MITF": "PPARGC1A", "SETD2": "STAT1", "TCF7": "LEF1", "BCL2": "XRCC6", "PDGFRB": "FER", "GNAQ": "GSK3B", "DKK1": "KREMEN2", "FYN": "PRKCA", "TP53BP1": "HDAC4", "CDK2": "LMNB1", "MAD2L1": "CDC20", "SAV1": "STK3", "TP53RK": "TP53", "HTRA2": "PEA15", "STAT1": "UPP1", "TP53INP1": "MAP1LC3A", "PDK1": "PRKCA", "MED14": "STAT2", "ATF4": "VEGFA", "TP53": "VEGFA", "APC": "SGK1", "BCOR": "HDAC5", "RAD50": "BRCA1", "NUAK1": "LATS1", "HNRNPK": "TK1", "TBL1X": "CTNNB1", "CTTN": "ACTB", "IKBKG": "NFKBIA", "NCK1": "SOS1", "TGFBR2": "PIK3R2", "MAP2K4": "RXRA", "ETS2": "MDM2", "VCP": "AURKA", "PTPN11": "PTK2B", "PAX5": "TP53", "PPARG": "POU2F1", "UBE2N": "H2AX", "CDKN2D": "CDK4", "JUND": "PTGS2", "SOX2": "VIM", "ITGB2": "CSK", "CDK9": "NCOA2", "LYN": "MAP2", "HMGA2": "CDH1", "TCF12": "CDH1", "IRF4": "IRF3", "PLAC8": "AKT1", "PIM1": "RPS19", "ENO1": "MYC", "LAMC2": "ITGB1", "FOXM1": "CDKN2A", "ID3": "TCF3", "CFLAR": "FADD", "RET": "FRS2", "MOB1B": "LATS1", "XBP1": "HSPA5", "NEDD4": "SPRY2", "FHL2": "CDKN1B", "TGFB1": "PPP2R2A", "HSPB1": "GCH1", "CXCL1": "PRKACA", "EPB41": "NUMA1", "TRIP11": "THRA", "PITX2": "LEF1", "OS9": "EGLN3", "DUSP5": "MAPK1", "HIF1A": "ZNF217", "PERP": "NFKB1", "RAC1": "MAP3K1", "KIT": "PIK3R1", "FGFR4": "FRS2", "TP53BP2": "TP53", "RBL2": "RAD51", "IRS1": "ATM", "MCL1": "BAK1", "LATS1": "WWTR1", "ADAMTS1": "VCAN", "MECP2": "IGFBP3", "RB1": "VEGFA", "HSPA8": "RNF5", "IGF2BP1": "ACTB", "PTPRD": "STAT3", "CSNK2B": "TBP", "LTBP1": "TGFB1", "EGLN1": "HIF1A", "RIPK1": "MAP3K1", "CCND1": "CDK4", "GRK2": "SNCA", "TAX1BP1": "TNFAIP3", "RUNX2": "VEGFA", "IRF5": "PDLIM7", "ITGA3": "CSK", "EPHA2": "PIK3R2", "YY1": "VEGFB", "SMAD7": "MET", "NPM1": "PTPN6", "FBXO5": "FZR1", "EIF4B": "EIF4A1", "CALM1": "GEM", "EIF4E": "SMAD4", "XPC": "RNF111", "BIK": "BCL2L1", "PCSK6": "INSR", "FGF2": "ITGAV", "CKS1B": "CDK1", "NFYA": "SP3", "CASP8AP2": "NFKB1", "BRD7": "E2F3", "HNF4A": "LDLR", "DOCK1": "RAC1", "CEBPA": "SOCS3", "GNAI2": "ADCY8", "CAV1": "SLC1A3", "ULK1": "DYNLL1", "FER": "CTTN", "CSNK1A1": "FOXO4", "KAT7": "MCM2", "KRAS": "MAP4K5", "NOTCH1": "RRAS", "PPP1R13B": "TP53", "PDGFRA": "RASA1", "PHB2": "MEF2A", "CHUK": "TSC2", "BCL3": "EGFR", "PIK3R3": "TP53", "MED1": "AURKA", "E2F6": "APAF1", "TFAP4": "MDM2", "BMI1": "TERT", "RELA": "NCAM1", "RAB7A": "RAC1", "MET": "CTTN", "PKIA": "PRKACA", "CC2D1A": "RAD21", "NFE2L2": "NQO1", "BID": "CYCS", "NTRK2": "KCNA3", "STAT5B": "BCL6", "HOXA10": "TP53", "ZFYVE9": "SMAD2", "FOXO4": "HIF1A", "PPARA": "SERPINE1", "RNF11": "ITCH", "HRAS": "SDC2", "SH3KBP1": "JAK2", "SNAI1": "VDR", "CTCF": "TERT", "PEA15": "MAPK3", "ITGB4": "CSK", "PIAS1": "MUC1", "LRP6": "DVL1", "IRF7": "ATF4", "PRKACA": "MTOR", "IGF1R": "CTTN", "SGK1": "MAPK1", "PRKAR1A": "PRKACA", "RHOA": "PTPN1", "MAPK9": "SHC1", "TIMP2": "LRP2", "CDC20": "UBE2S", "DDR1": "SHC1", "CTBP1": "BRCA2", "SERPINE1": "F12", "REL": "TNFAIP3", "MSH2": "ATR", "RUNX3": "TRAF6", "FZD1": "DVL2", "MAP3K8": "MAP2K2", "ING1": "CASP3", "LAMA4": "ITGAV", "ATR": "SMARCAL1", "PTPRA": "INSR", "DDB1": "E2F1", "RBX1": "NFKB2", "INCENP": "PLK1", "APEX1": "RELA", "IRS2": "PIK3CG", "KDR": "PTK2", "PIK3C3": "AKT1", "NUMA1": "TUBA1A", "LIMD1": "HIF1A", "LRP5": "AXIN1", "ERCC5": "PCNA", "TNFRSF21": "TRADD", "SKP2": "DAB2IP", "PRKDC": "FH", "ETV4": "VIM", "TIAM1": "RAC1", "NCOR1": "SNAI2", "PTPRF": "DAPK1", "MEF2C": "NR4A1", "NOD1": "MAPK8", "CBL": "SORBS2", "TOPBP1": "POLA1", "JAK2": "DBP", "ESPL1": "SMC1A", "EGFR": "PKIA", "MST1": "STK4", "COX5B": "APAF1", "CDK1": "ZYX", "BRAF": "MAP4K1", "SOCS6": "KIT", "AREG": "ERBB2", "RAP1A": "RAF1", "NFKBIA": "CD40", "RASSF1": "MST1", "YAP1": "DVL1", "ATF2": "RELA", "PALB2": "POLH", "SKP1": "CUL1", "TNC": "EGFR", "BIRC2": "CASP9", "VDR": "TPT1", "LATS2": "YWHAG", "TRPC1": "TRPV6", "TIMP3": "MMP14", "ID2": "SNAI1", "BECN1": "PIK3C3", "TRAF3": "TBK1", "CTNNB1": "STARD7", "SOD1": "BCL2", "MYBL2": "MYC", "CKS2": "CENPE", "BNIP2": "CDC42", "TSC2": "RHEB", "CDK3": "JUN", "VAV2": "ARHGAP1", "RBL1": "TFDP1", "BTG2": "SPHK1", "YBX1": "CCNC", "PTPN1": "DOK1", "UIMC1": "MDM2", "CENPE": "BUB1B", "ARF6": "PIP4K2A", "CBX4": "CTCF", "PSEN1": "CTNNB1", "ERCC8": "XPA", "KPNB1": "SMAD3", "PIAS3": "MUC1", "DAG1": "PRKCA", "SREBF2": "LRP1", "NMI": "STAT1", "SIRT2": "PGAM1", "FGFR1": "FRS2", "CIITA": "S100A4", "DDB2": "SOD2", "SOS1": "NRAS", "USP7": "PPARG", "AP2M1": "EGFR", "MMP14": "F12", "SHC3": "GRB2", "NUMB": "GLI1", "PLCG2": "CDKN1A", "FGFR3": "PLCG1", "SOCS3": "IFNGR1", "MVD": "RAC1", "HDAC1": "GLI1", "VCPIP1": "VCP", "SATB1": "SPI1", "TYK2": "STAT4", "CDC25A": "MAPK3", "TCF3": "MYC", "FOS": "SMAD7", "CASP2": "RIPK1", "ID1": "AKT1", "PADI4": "NPM1", "CD2AP": "ACTB", "ARNT": "FOS", "A2M": "LRP1", "HNF1A": "ESR1", "TAB1": "MAP3K7", "WWOX": "DVL2", "SMARCA4": "FOS", "RUNX1": "NCAM1", "SLBP": "H2AX", "ATRIP": "BRCA1", "BNIP3": "RHEB", "ATM": "DCLRE1A", "WASF1": "ARPC1B", "KHDRBS1": "CREBBP", "MCM10": "POLA1", "RNF5": "PXN", "TP63": "VDR", "PLAGL1": "SDHB", "GNB2": "IRS1", "CDC7": "ESCO1", "PIK3CG": "RAC1", "BBC3": "BAK1", "GNAI1": "RAC1", "PRDX1": "DUSP1", "HMGA1": "INSR", "PAX3": "BCL2L1", "STAT3": "ZFP36", "F2R": "GNAO1", "DNMT1": "VEGFA", "CASP9": "VIM", "RAB1A": "ULK1", "FAS": "CASP8AP2", "SDC4": "RAC1", "PKN2": "CDC25B", "HGS": "SMAD2", "SOS2": "KRAS", "CYCS": "CASP9", "RARA": "PRKCA", "RAF1": "MAP4K1", "NDRG1": "RAB4A", "MAP2K1": "RPS6KA4", "CASP8": "PSEN2", "CSNK2A1": "AMPH", "TRADD": "TRAF5", "GSK3A": "CAMKK2", "CUL1": "CDKN1B", "RASA1": "CAV2", "MTA1": "SNAI2", "ABI1": "CBL", "FOXO1": "PCK1", "PYCARD": "BAX", "GSTP1": "TRAF2", "VHL": "VEGFA", "GABARAPL2": "SQSTM1", "BMF": "BCL2L2", "WAC": "PLK1", "RXRA": "NR1H4", "KHSRP": "CDKN1A", "HDAC2": "TWIST1", "IKBKE": "TBK1", "DNMT3A": "IGFBP3", "CDKN1A": "FEN1", "KIF4A": "PRC1", "DAB2IP": "NRAS", "E2F1": "WWOX", "CHEK1": "E2F3", "SPHK2": "HDAC2", "MDM2": "DNMT3A", "MST1R": "MET", "JAG2": "NOTCH1", "PAK2": "NF2", "IER3": "PPP2R5C", "CASP1": "SPHK2", "BLM": "TP53", "GRB10": "PIK3CA", "MCPH1": "BRCA1", "ERBB4": "ZNF652", "ANP32A": "CASP9", "UVRAG": "PIK3C3", "STAT2": "PTGS2", "ITGB3": "CSK", "TFAP2A": "VEGFA", "TBP": "BCL2", "MYC": "WRN", "RPA2": "ATRIP", "KAT5": "GMPS", "NRG1": "ERBB2", "MIF": "SOD1", "CASP7": "PSEN1", "FZR1": "PFKFB3", "XRCC5": "PDX1", "CDKN2A": "HUWE1", "GAB2": "ARHGAP32", "ELAVL1": "MDM2", "MSH6": "BLM", "PPP2R5C": "ATF1", "COP1": "CEBPB", "CXCL8": "KDR", "NRF1": "PRDX3", "WEE1": "CDK2", "PPP2R2C": "SRC", "CDH1": "ARPC1B", "NFKBIB": "NFKB1", "NR4A1": "TIMP2", "AKT1": "THRA", "PLK1": "SNCA", "SMAD1": "SMAD4", "CASP6": "PSEN2", "AXIN1": "RNF111", "CCP110": "CALM2", "GOLGA2": "GORASP1", "PDPK1": "PRKCE", "ZNF217": "CDH1", "RPS6KB1": "TP63", "MAPK3": "AMPH", "H2AX": "KAT2A", "MDC1": "NBN", "SIX1": "VEGFC", "EYA1": "H2AX", "DRD2": "TRPC1", "NFATC1": "SP1", "ARHGEF7": "CBLC", "DVL2": "PLCB1", "SNX5": "DOCK1", "PRKCE": "VIM", "BTK": "NFKBIA", "SH2B1": "SYK", "PTMA": "CASP9", "IFNGR1": "JAK2", "TUBA1A": "DNM1", "DAB2": "SMAD2", "FPR1": "GNAI3", "ELMO2": "RAC1", "IQGAP1": "NRAS", "CAMKK2": "AKT1", "PTK2B": "RAC1", "ARHGDIA": "RAC1", "CAMK4": "STMN1", "MAP4K1": "MAPK1", "DCLRE1C": "XRCC4", "PPP1R8": "EZH2", "FKBP4": "PPP3CA", "GNA11": "PIK3CA", "GREB1": "SMAD2", "PPP2R2A": "RAF1", "NRAS": "PIK3CG", "TEC": "PLCG2", "ILK": "GSK3A", "DOK1": "ITGB1", "INPP5D": "SYK", "ZFHX3": "CDKN1A", "XRCC4": "PNKP", "CD22": "SH2B1", "NTF4": "NTRK2", "ZAP70": "MUC1", "ABL2": "CEBPB", "DAPK1": "CDKN2A", "DOK4": "CRK", "GIT1": "ARF1", "TAOK3": "STK3", "PPP3R1": "CREB1", "PPP3CB": "DNM1", "NET1": "RHOA", "PRKCA": "IKBKB", "SH2B3": "JAK2", "ZEB1": "MUC1", "SRF": "UBE2S", "ITCH": "BCL10", "MTOR": "GRB10", "ARHGEF2": "ARHGAP1", "ASAP1": "ARF1", "MAVS": "IKBKB", "EPOR": "PIK3R1", "MAP4K2": "MAP3K1", "USF1": "TGFB1", "IRF2": "TAP1", "PPP3CC": "DNM1", "NR1H4": "VEGFA", "TBK1": "IKBKB", "MARK3": "CDC25C", "AHR": "RFC3", "TAB3": "MAP3K7", "JAK3": "SHC1", "RALA": "FOXO4", "SMO": "FYN", "WIPF1": "WASL", "SPRY2": "CBLB", "EPHA3": "SRC", "BCR": "RAC1", "MAP3K7": "EIF4B", "YES1": "CDK4", "TRIM28": "PMAIP1", "S100A10": "TRPV6", "ISG15": "JAK1", "PRKCD": "MET", "ALK": "SHC3", "KCNB1": "VAPA", "STK11": "PAK1", "CCNC": "NOTCH1", "MEF2D": "JUN", "CDH2": "CTNNB1", "DVL1": "PLCB1", "STAT6": "FOS", "HERC2": "XPA", "HACE1": "CCND1", "RPS6KA4": "RELA", "PAG1": "CSK", "ADAM15": "ITGB1", "FRS2": "PTPN11", "MAP3K1": "STAT3", "PTK6": "STAT5B", "CAPN1": "SRC", "NEDD9": "CRKL", "TAB2": "MAP3K7", "VAV1": "HRAS", "DDX5": "AR", "TUBA1B": "DNM1", "AIP": "GREB1", "PA2G4": "E2F1", "RAC3": "PAK1", "CD40": "TRAF2", "SNX6": "IGF1R", "NCOA6": "FOS", "ARHGAP32": "ARHGAP1", "MAP4K5": "GSK3B", "DOCK7": "CDC42", "MARCKS": "TRPC1", "INSR": "STAT5A", "CAMKK1": "AKT1", "MEF2A": "NRF1", "NTRK3": "PLCG1", "ARHGAP1": "PIP4K2A", "F2RL1": "GNAI1", "FKBP5": "NR3C1", "NF2": "STK3", "RRAS": "RAF1", "DYNLL1": "RHOA", "RAPGEF1": "NRAS", "CBLB": "VAV2", "MAP2K2": "PPARG", "STAT4": "MYC", "PPP3CA": "DNM1", "SHOC2": "KRAS", "POU2F1": "TWIST1", "ARF1": "GIT1", "TICAM1": "IKBKE", "APBB1": "GMPS", "RFWD3": "TP53", "WDHD1": "CLSPN", "TELO2": "ATM", "GMPS": "TP53", "KMT2A": "MYC", "HUWE1": "TP53", "GLI1": "BCL2", "IFNAR2": "JAK1", "PSMA6": "XBP1", "SOX9": "CDKN1A", "KPNA2": "IRF3", "HINFP": "PRKDC", "BRIP1": "BRCA1", "DDX17": "ESR1", "TDG": "AR"}