{"ESR1": "CDKN1B", "XPO1": "TP53", "TP73": "PMAIP1", "GRB2": "GAB1", "EP300": "APEX1", "ARRB2": "INPP5D", "HIF1A": "ZNF217", "CDT1": "MCM2", "HSF1": "POLK", "XRCC3": "RAD51", "ELAVL1": "MDM2", "PMAIP1": "BAX", "ACTB": "PLD1", "IRS1": "ATM", "CYLD": "TRAF2", "PTPN6": "KIT", "MAX": "ODC1", "SP1": "SLC29A1", "SMAD3": "SMAD7", "AATF": "MYC", "VHL": "SPARC", "RIPK1": "FAS", "CDC25A": "RAF1", "SUN1": "NXF1", "ING4": "SKP2", "DVL3": "RAC1", "ATM": "SMARCC2", "CEP192": "AURKA", "CDC20": "CCNA2", "CUL1": "CDKN1B", "FBXO5": "FZR1", "GATA2": "NOS3", "BARD1": "ESR1", "KRAS": "PIK3CB", "NUP153": "SMAD3", "ARRB1": "GNAI3", "IRF4": "IRF3", "PTPN12": "PIN1", "PLK1": "ROCK2", "ERBB2": "SNTA1", "CASP3": "PIP5K1A", "PRKDC": "AKT1", "BLM": "TP53", "ATF4": "SIRT2", "KAT5": "ULK1", "MSH2": "BLM", "PIK3CG": "RAC1", "PPP2R5C": "BCAR1", "DAPK1": "PIN1", "ANAPC1": "CTNNB1", "BUB1B": "CDC20", "CDKN1A": "FEN1", "KAT7": "MCM2", "PIN1": "XPO5", "NFKBIB": "NFKB1", "RAP1GAP": "RAP1A", "RAC1": "PIP5K1C", "FANCM": "BHLHE40", "NCK1": "PAK1", "FADD": "RIPK1", "NOTCH1": "TCF3", "NFYC": "CCND2", "KAT2B": "CDKN1B", "HSPB1": "AR", "TP53": "UHRF1BP1", "MRE11": "PIH1D1", "ATG7": "ATG5", "UBE4B": "PTTG1", "SKP1": "CUL1", "IKBKB": "CD44", "PIK3R1": "RAC1", "BRCA1": "IRF7", "TFAP4": "MDM2", "BUB1": "SMC1A", "FBXW7": "ZNF322", "TP53BP1": "RIF1", "HEXIM1": "CCND1", "TFAP2A": "VEGFA", "MYC": "WRN", "BMI1": "CDKN2A", "VEGFA": "FLT1", "HSF2": "HSPA4", "FZR1": "CDC25A", "CHEK1": "E2F3", "GSK3B": "ZYX", "MYD88": "TRAF3", "RAD21": "RUNX1", "DCTN6": "PLK1", "DVL2": "RBPJ", "RAP1B": "BRAF", "CREBBP": "WRN", "ESPL1": "SMC1A", "PKMYT1": "CDK1", "MAD2L1BP": "TRIP13", "RACGAP1": "RAC1", "CDC34": "NFKBIA", "CHEK2": "KIT", "UBE2A": "PCNA", "RUNX1": "SPI1", "XIAP": "CASP3", "BRCA2": "POLH", "JAK2": "GAB2", "CDCA5": "SMC3", "ASF1A": "EP300", "NFE2L2": "PRDX1", "HNRNPK": "EIF4E", "SRSF1": "NFKB1", "PDPK1": "MAP2K1", "FAS": "RIPK1", "CASP7": "PSEN1", "RHOA": "PTPN1", "SNCA": "VAMP2", "ROCK2": "NOS3", "STAG2": "RAD21", "SNCB": "TP53", "FOXM1": "CDKN2A", "EIF4E": "SMAD3", "TERF2": "WRN", "TNFRSF10B": "RIPK1", "WEE1": "CDK2", "PAXIP1": "ATM", "ATF5": "BCL2", "CTNNB1": "SMAD7", "NFYA": "OGG1", "TOPBP1": "CDC45", "TRAF3": "MAP3K14", "TBP": "NF1", "BCL2L11": "BAK1", "BAD": "CYCS", "RELA": "RIPK2", "NPM1": "PTPN6", "HIPK2": "CREB1", "NF1": "MYC", "RAN": "XPOT", "CTCF": "BCL6", "DDB2": "BCL2", "BORA": "AURKA", "PML": "BAX", "FOXO4": "CREB1", "SMAD2": "DAPK1", "LRRK2": "ARHGEF7", "ECT2": "CDC42", "EVI5": "FBXO5", "MDM2": "DNMT3A", "TRAF2": "MAP3K5", "CCND2": "CDK6", "JUNB": "BCL2L1", "MLH1": "PMS2", "CASP10": "BID", "CDC42": "MAP3K11", "CASP6": "PSEN2", "UVRAG": "BECN1", "SKP2": "CDKN1B", "AXIN1": "SMAD7", "TANK": "TRAF2", "IGF2BP1": "ACTB", "TBK1": "IKBKB", "DVL1": "PI4K2B", "BIRC5": "CASP9", "NFKBIA": "TRAF1", "SHC1": "INPP5D", "RAP1A": "RAF1", "LRP6": "AXIN1", "BCL6": "ATR", "GRB10": "PIK3CA", "FANCL": "FANCI", "MDM4": "TP53", "JUN": "SMAD7", "TRAF1": "TRAF2", "CEBPA": "INSR", "NUMB": "ITCH", "TFDP1": "PCNA", "CLSPN": "UBE2B", "CDKN2AIP": "TP53", "PTTG1": "VEGFA", "GTF2I": "HSPA5", "YY1": "VEGFB", "FOXO3": "BNIP3L", "NFKBIE": "NFE2L2", "RBPJ": "HES1", "RB1": "E2F3", "ERCC5": "PCNA", "TNKS2": "TERF1", "TOPORS": "TP53", "CENPE": "BUB1B", "KAT2A": "SMAD2", "E2F1": "ULK1", "PCNA": "REV3L", "APC": "DNMT1", "MSH6": "BLM", "TP63": "VDR", "GATA4": "NOS3", "NFKB1": "SNAI1", "CDKN2A": "BCL2L1", "CASP9": "LYN", "CFLAR": "FADD", "MAPK8": "STK4", "ARHGAP5": "RHOA", "ROCK1": "VIM", "PTPN1": "BCR", "FHL2": "CDKN1A", "ZMIZ1": "NOTCH1", "SNW1": "RBPJ", "CHUK": "TSC2", "SMAD1": "RUNX2", "DHX9": "NUP98", "CEBPB": "INSR", "DLG4": "GRIN2B", "DLGAP1": "NOS1", "APAF1": "CASP9", "SIRT1": "XPC", "RBMX": "TXNIP", "FOS": "SRR", "ILF3": "BIRC5", "JUND": "MDM2", "ARHGEF7": "CDC42", "STAT6": "TLR4", "NONO": "TOP1", "SPI1": "TLR4", "ATF2": "GADD45A", "DDX17": "ESR1", "SIRT2": "KAT2B", "CSDE1": "FOS", "SFPQ": "TOP1", "BAK1": "BAD", "PABPC1": "EIF4E", "BCL2L1": "VDAC1", "MCL1": "BAK1", "XRCC6": "BAX", "DDX3X": "SP1", "FUS": "MDM2", "BCL2L2": "BAK1", "DDX5": "AR", "MAPK1": "GORASP1", "TRIB3": "ATF4", "EGR1": "HIF1A", "PA2G4": "E2F1", "BAX": "CYCS", "VAV1": "MAPK1", "DDIT3": "SIRT2", "E2F3": "AURKA", "CDKN1B": "CCND3", "SFN": "SNAI1", "DDR1": "SHC1", "SIVA1": "BCL2L1", "ILK": "PPP1R12A", "NEUROD1": "CDKN1A", "IFI16": "MYC", "EIF2B1": "EIF2S1", "GLI2": "TNFRSF10B", "ULK1": "BECN1", "NFATC3": "CTSD", "PAX5": "TP53", "EIF2B2": "EIF2S1", "HTT": "PAK2", "DNMT1": "VEGFA", "PTK2": "TRIO", "CASP1": "AR", "KLF5": "NOTCH1", "CAMKK2": "AKT1", "PMS2": "TP73", "MARK3": "CDC25C", "EIF4EBP1": "RPTOR", "HACE1": "CCND1", "SUFU": "GLI3", "ETS1": "NDRG1", "GLI1": "TNFRSF10B", "VDR": "EGFR", "GADD45A": "MAPK14", "GIT1": "MAP2K1", "EIF2B4": "EIF2S1", "CTBP1": "BRCA2", "KPNA2": "CHEK2", "CRTC1": "PPARGC1A", "STK11": "PAK1", "EIF2B5": "EIF2S1", "NFKB2": "HIF1A", "DDB1": "E2F1", "PRKAA2": "BAIAP2", "PIAS1": "MUC1", "SREBF1": "PDX1", "SNAI1": "VDR", "AKT1": "GAB2", "MARK1": "DVL3", "GAPDH": "POU2F1", "POU2F1": "GADD45A", "EIF2B3": "EIF2S1", "NFATC2": "MDM2", "CCND3": "CCNE1", "CRTC2": "NR3C1", "ETV4": "VIM", "NFYB": "CDKN1B", "TCF7L2": "BIRC5", "CYCS": "APAF1", "ATF3": "GDF15", "ARHGDIA": "RAC1", "ARAF": "MAP2K1", "MFF": "DNM1L", "CREB1": "SNAI1", "KIF4A": "PRC1", "BID": "CYCS", "CAV1": "LRP6", "NR2C2": "ESR1", "PSEN1": "CTNNB1", "ID2": "SNAI1", "HSP90AB1": "APAF1", "TSC2": "TSC1", "MARK2": "EIF2S1", "RPTOR": "MTOR", "MTOR": "ULK1", "COP1": "CEBPB", "BCL3": "EGFR", "HRAS": "ARAF", "SIK2": "IRS1", "XPC": "RNF111", "PTPA": "AKT3", "PIAS3": "MUC1", "HNF4A": "MYC", "PAK2": "EIF4G1", "RASSF1": "CCND1", "GDF15": "ERBB2", "AKT3": "STK3", "EZH2": "CIITA", "NF2": "LATS2", "UHRF1": "RB1", "PPM1A": "IKBKB", "MAML1": "TP53", "SIK3": "CRTC2", "PAK1": "BRAF", "SIAH1": "NOTCH1", "PTEN": "SHC1", "STAT3": "SPI1", "TNFRSF10A": "TNFRSF10B", "PXN": "ILK", "E2F7": "SP1", "STAT5A": "CCND2", "ARHGEF2": "RAC1", "PRKAB1": "IRS1", "RBBP7": "DNMT1", "PRKAG1": "PRKAA2", "HNRNPD": "GADD45A", "BIRC3": "CASP3", "MAP3K1": "MAPK1", "PRKAA1": "GBF1", "FOXO1": "EIF4EBP1", "NR3C1": "CDKN1A", "PERP": "NFKB1", "PHLPP1": "RAF1", "LATS2": "SNAI1", "ARID3A": "PML", "NCK2": "PAK1", "LATS1": "YAP1", "TNFRSF1A": "TRAF2", "PPP3R1": "BAD", "TAB3": "MAP3K7", "BIRC2": "CASP9", "TRAF6": "VEGFA", "EIF4G2": "BCL2", "IRAK3": "IRAK4", "BCL10": "IKBKG", "TIAM1": "RAC1", "EIF3J": "EIF4G2", "IRAK1": "STAT3", "MAVS": "IKBKB", "NTRK1": "PIK3CA", "ECSIT": "MAVS", "IL1R1": "MAPK8", "MAP3K14": "MAP3K1", "MAP3K5": "CDKN1A", "GRIPAP1": "MAPK8", "IKBKG": "NFKBIA", "TRIO": "RHOA", "PELI3": "IRAK1", "UBE2N": "MAP3K7", "TAB1": "MAP3K7", "DFFA": "DFFB", "BIRC6": "CASP9", "IRAK4": "IRAK1", "MALT1": "TAB2", "MAPK9": "PSEN1", "PARP1": "E2F1", "CASP2": "TRAF2", "BCAR1": "PIK3R1", "KDM4C": "AR", "GSN": "CASP9", "RIPK2": "IRF5", "NOD1": "MAPK8", "MYB": "BCL2", "TAB2": "MAP3K7", "MAP3K7": "EIF4B", "GNAI3": "TNFAIP8", "GNAI1": "TNFAIP8", "ITCH": "ERBB4", "POU5F1": "CDKN1A", "SMARCA4": "FOS", "RUNX2": "VEGFA", "CREB5": "JUN", "HUWE1": "MYC", "CDK3": "JUN", "CTNNA1": "YAP1", "XPA": "ERCC4", "CREM": "FOS", "SMAD7": "CDKN1A", "RNF111": "SMAD3", "ZEB1": "POU5F1", "ATR": "SMARCC2", "MAP2K4": "MAPK14", "NCOA1": "CDKN1A", "CDC73": "CPSF3", "ITGB1": "CSK", "PRKACA": "ITGB1", "ITGA3": "CSK", "SHC3": "GRB2", "ERBB3": "PIK3CA", "PTK6": "STAT3", "ERBB4": "MDM2", "FGFR4": "STAT3", "ARNT": "HIF1A", "APEX1": "NFKB1", "ARIH1": "EIF4E2", "CAND1": "CUL4A", "OS9": "EGLN3", "NEDD8": "CUL2", "FBXW8": "CCND1", "CUL3": "ARIH1", "CUL2": "ARIH1", "RBX1": "NFKB2", "CUL4A": "ARIH1", "NR4A1": "TIMP2", "EGLN1": "HIF1A", "EGLN3": "HIF1A", "ENO1": "MYC", "TWIST1": "MDM2", "CRK": "GAB1", "CBL": "ERBB2", "GAB2": "PIK3CA", "GAB1": "PIK3CA", "NTRK3": "SHC1", "AP2M1": "EGFR", "ZAP70": "GAB2", "IL2RB": "SHC1", "EPN1": "EGFR", "YAP1": "DVL1", "CRKL": "BCAR1", "PTPN14": "BCAR1", "GNAS": "PIK3R1", "GNB2": "STX3"}