{"LIMD1": "HIF1A", "AXL": "PIK3CG", "MOB1B": "LATS1", "KIT": "PIK3R1", "MAP3K5": "CDKN1A", "BARD1": "ESR1", "IER3": "PPP2R5C", "PMS2": "TP73", "GRK2": "TP53", "ID3": "TCF3", "FGFR3": "PLCG1", "SH3KBP1": "JAK2", "AATF": "MYC", "TGFBR2": "PIK3R2", "STAT2": "STAT1", "BRD7": "E2F3", "RECQL4": "POLB", "IKBKB": "DOK1", "CHEK2": "KIT", "MAPK9": "SHC1", "SPHK2": "HDAC2", "MAP2K1": "IRS1", "PIK3R1": "RAC1", "MET": "CTTN", "PMAIP1": "GMCL1", "MDM2": "DNMT3A", "RELA": "OPTN", "CAV1": "SLC1A3", "A2M": "LRP1", "CASP8AP2": "NFKB1", "ILF3": "BIRC5", "RNF5": "PXN", "CDC34": "NFKBIA", "FANCL": "FANCI", "TNFAIP3": "RELA", "ARNT": "FOS", "BCL2": "XRCC6", "HGS": "SMAD2", "TRAF2": "ZFP36", "SMAD2": "DAPK1", "CHEK1": "E2F3", "IGF2BP1": "ACTB", "DCTN6": "PLK1", "YBX1": "TYMS", "RHEB": "RAF1", "CDK4": "MDM4", "WASF1": "ARPC1B", "CREBBP": "HOXA10", "POLH": "REV1", "SOD1": "BCL2", "HDAC7": "PLAGL2", "CARD8": "APAF1", "TRAF6": "VEGFA", "HIF1A": "ZNF217", "TRAF1": "TRAF2", "PPM1D": "MAPK14", "ATF3": "LDLR", "IKBKG": "NFKBIA", "WRN": "POLD4", "SQSTM1": "KEAP1", "AKAP12": "PRKCA", "PPARA": "NFKBIA", "SOS2": "KRAS", "TOPBP1": "POLA1", "ETV4": "VIM", "RPS6KB1": "TP63", "STIP1": "HSP90AB1", "LCP2": "PLCG1", "GNB2": "IRS1", "GTF2I": "SIRT1", "PARP1": "MRE11", "NR4A3": "PPARG", "PRKDC": "MDM2", "CALM1": "NRAS", "PIK3CG": "RAC1", "EIF4G2": "BCL2", "BNIP2": "CDC42", "FADD": "RIPK1", "GABARAPL2": "SQSTM1", "RUNX1": "NF1", "ARAF": "MAPK3", "ITGB2": "CSK", "DDR1": "SHC1", "CSNK2B": "TBP", "GDF15": "ERBB2", "MST1R": "MET", "TFAP4": "MDM2", "BCL2L1": "VDAC1", "IFNAR1": "JAK1", "SIN3A": "E2F1", "CTTN": "ACTB", "TRIO": "RHOA", "PLCG1": "DAG1", "SIAH2": "VAV2", "HRAS": "SDC2", "EPB41": "NUMA1", "XRCC6": "UBE2S", "CLK2": "PTPN1", "PKN1": "MAPT", "ARRB2": "GNAI3", "SPI1": "PEBP1", "KLF11": "SIN3A", "HIPK2": "VIM", "NFKB2": "SND1", "NDRG1": "RAB4A", "PEBP1": "RAF1", "PAK2": "JUN", "NRF1": "PRDX3", "NR4A2": "NR3C1", "PTK2": "TRIO", "NEDD4": "IGF1R", "PHB2": "ARNT", "SKP1": "CUL1", "MEF2C": "NR4A1", "RXRA": "NOL7", "SIVA1": "BCL2L1", "CASP8": "PSEN2", "LYN": "MAP4K1", "BCL2L11": "BAK1", "RB1": "VEGFA", "TNFRSF21": "TRADD", "CBX4": "CTCF", "UBE2A": "PCNA", "BNIP3": "RHEB", "ABI1": "CBL", "NR4A1": "TIMP2", "PTPN1": "INSR", "CSNK2A1": "BIK", "SMARCA4": "FOS", "PDK1": "PRKACA", "MOB1A": "LATS1", "GOLGA2": "GORASP1", "BCL10": "IKBKG", "REL": "TNFAIP3", "SP3": "YY1", "BIK": "BCL2L1", "TSC2": "RHEB", "KAT2B": "SMAD4", "IRF5": "PDLIM7", "NFKB1": "OPTN", "ATM": "TERF1", "FOS": "SMAD7", "PTPRF": "INSR", "BRCA2": "POLH", "TRAF3": "TBK1", "CRK": "MAP4K1", "INCENP": "PLK1", "PXN": "CRK", "SGK1": "MAPK1", "TCF4": "VIM", "PIAS1": "MUC1", "STAT1": "MUC1", "SH2B2": "VAV2", "IRF4": "IRF3", "FBXW7": "DAB2IP", "EGR1": "VEGFA", "POU5F1": "ITGA6", "CHUK": "TSC2", "HSP90AA1": "FLCN", "TIMP2": "LRP2", "XPA": "ERCC1", "PLK1": "ROCK2", "APEX1": "RELA", "BCAR1": "PIK3R1", "RAD50": "BRCA1", "KLF4": "VDR", "RARA": "SCD", "PPP2CA": "PRKACA", "MST1": "STK4", "TP53BP2": "TP53", "LEF1": "MITF", "NCOA2": "RARA", "BMI1": "CDKN2A", "SFN": "SNAI1", "CDC20": "UBE2S", "BCOR": "HDAC5", "ITGAV": "CSK", "NFYC": "FXR2", "CKS2": "CENPE", "MDM4": "TP53", "HNF1A": "ESR1", "DLX5": "MYC", "PER1": "BCL2", "SHC1": "PIK3CA", "ERCC5": "PCNA", "TYK2": "STAT5B", "BCL2L2": "BIK", "ESR1": "VEGFA", "NUMB": "TP53", "HDAC1": "RHOB", "NCOA1": "CDKN1A", "MXD1": "PTEN", "PAK1": "ARPC1B", "GAB2": "LCP2", "RUNX3": "TRAF6", "TCF7L2": "STARD7", "JAK1": "BTK", "SRSF1": "NFKB1", "TERF2": "WRN", "PPP1CA": "MDM2", "ITGA4": "CSK", "SMAD4": "ATF1", "RAB7A": "RAC1", "SLBP": "H3-3B", "DAXX": "TGFBR2", "SETD2": "STAT1", "MIF": "SOD1", "TLK1": "RAD9A", "KAT2A": "SMAD7", "EIF2AK2": "NFKBIA", "MAP2K4": "RXRA", "PDGFRA": "RASA1", "ITGB1": "CSK", "IGF1R": "CTTN", "BRAF": "MAP4K1", "FOXO3": "FOXM1", "ENO1": "MYC", "OS9": "EGLN3", "HDAC5": "MEF2D", "AR": "NRAS", "MCPH1": "BRCA1", "FANCM": "BHLHE40", "ID1": "AKT1", "MYCN": "TP53INP1", "TP63": "VDR", "STAT3": "ZFP36", "CYCS": "CASP9", "SKP2": "DAB2IP", "DDIT3": "SIRT2", "VEGFB": "KDR", "HNRNPK": "TK1", "DDB2": "SOD2", "FANCC": "BLM", "IRAK1": "STAT3", "NLK": "NOTCH1", "FLI1": "TGFBR2", "CLSPN": "UBE2B", "CCNH": "CDK7", "NCOR2": "CTBP1", "DAG1": "PRKCA", "DNMT1": "VEGFA", "CD2AP": "ACTB", "ZNF217": "CDH1", "AXIN1": "RNF111", "GNA12": "RHOA", "NPM1": "ATF5", "PER2": "TWIST1", "LAT": "PIK3CA", "MAP3K11": "MAP2K4", "ITGA5": "CSK", "MYB": "TK1", "REV1": "REV3L", "PTTG1": "VEGFA", "BNIP3L": "GABARAPL1", "CTSD": "APP", "EPHA2": "PIK3R2", "MAPK8": "SF3B1", "XRCC3": "RAD51", "MYBL2": "MYC", "TRRAP": "MITF", "AKT1S1": "RPTOR", "MAPK1": "RARA", "CDC7": "ESCO1", "EEF1A1": "PLCG1", "RASSF1": "MST1", "RAN": "XPOT", "STK4": "MAP2K4", "TRIP11": "THRA", "EPN1": "EGFR", "MSH6": "BLM", "PALB2": "POLH", "EGLN1": "HIF1A", "EIF4E": "SMAD4", "TFDP1": "TYMS", "WWTR1": "BAX", "TPX2": "KIF11", "CKS1B": "CDK1", "SREBF2": "LRP1", "RBL2": "RAD51", "XIAP": "CASP3", "ABL1": "MAP4K1", "CASP1": "SPHK2", "HOXA10": "TP53", "IRF1": "MYB", "VEGFA": "EGFR", "LRP6": "DVL1", "KEAP1": "RAC1", "PTPRB": "INSR", "JAK2": "GAB2", "PSEN1": "CTNNB1", "NCOA3": "BCL2", "VAV2": "CDC42", "KAT7": "MCM2", "CTNND1": "RAC1", "TP53": "VEGFA", "STAT5A": "SUMO1", "ERF": "ETS2", "SIRT2": "NEDD4", "MAP3K8": "MAPK1", "BAD": "TP53", "FANCD2": "BRCA2", "TLK2": "ASF1A", "RRM2B": "RRM1", "GSK3B": "BORA", "BCL3": "EGFR", "NCK2": "PAK1", "RAP1A": "RAF1", "GNAI2": "SRC", "ITGA6": "CSK", "HDAC4": "VEGFA", "CCP110": "CALM2", "SMAD1": "SMAD4", "GRB10": "PIK3CA", "ACTB": "CFL1", "ITGB7": "CSK", "ATR": "XRCC3", "GAB1": "PLCG1", "BCL6": "SUMO1", "AURKB": "YY1", "SOCS5": "EGFR", "FGFR1": "AMOTL2", "ITGA3": "CSK", "LCK": "ZAP70", "GSK3A": "RELA", "IL2RB": "SHC1", "BIRC2": "CASP9", "CTNNBIP1": "CTNNB1", "BECN1": "PIK3C3", "AKT3": "BMI1", "FER": "CTTN", "ID2": "SNAI1", "PDPK1": "ITGB1", "E2F1": "WWOX", "SH3RF1": "MAPK8", "PIK3R3": "TP53", "STK3": "RCC1", "SKI": "MDM2", "SRC": "BTK", "CENPE": "BUB1B", "GATA2": "NOS3", "PLCG2": "CDKN1A", "DDX3X": "SP1", "PTPRA": "INSR", "CIITA": "HLA-C", "PPARG": "VLDLR", "CALM3": "NRAS", "CASP7": "PSEN1", "PIM1": "CDKN1A", "KHSRP": "CDKN1A", "CFLAR": "FADD", "SMAD7": "MET", "MYC": "WRN", "EDNRB": "GNAI1", "ATF2": "RELA", "SOCS3": "RASA1", "CTBP1": "BRCA2", "NR3C1": "CDKN1A", "TRPC1": "PKD2", "MSH2": "ATR", "BIRC3": "CASP3", "CDK3": "JUN", "DDB1": "E2F1", "RIPK1": "TRAF6", "XRCC1": "POLB", "USP37": "FZR1", "GNAQ": "GSK3B", "RAC1": "PIP5K1C", "CDKN2D": "CDK4", "CDKN2A": "CDK2", "GAPDH": "APEX1", "UBXN2B": "AURKA", "BLM": "TP53", "HMGA2": "CDH1", "PIK3CA": "PTK2B", "PIK3C3": "AKT1", "SIRT1": "XPC", "SHC3": "GRB2", "VCP": "AURKA", "ZFP36": "VEGFA", "TCF12": "CDH1", "SIAH1": "NOTCH1", "TCF3": "POU5F1", "NFYB": "FXR2", "NCOR1": "SNAI2", "NMI": "STAT1", "RAD52": "RAD51", "KREMEN2": "LRP6", "SAV1": "STK3", "EP300": "PLAGL2", "RBL1": "TFDP1", "ERBB2": "CDK1", "MBD2": "GSTP1", "NTRK2": "NCK2", "PADI4": "NPM1", "CRKL": "MAP4K1", "PIK3R2": "RAC1", "ZBTB16": "BID", "CCND2": "CDK6", "CALM2": "NRAS", "COX5B": "APAF1", "EIF4EBP1": "EIF4E", "MECP2": "ESR1", "KMT5A": "TP53", "CASP3": "BAD", "HNF4A": "LDLR", "SNAI1": "VDR", "CDH3": "CTNNB1", "PAX5": "TP53", "RABGGTA": "RAB5A", "E2F8": "E2F1", "XPO1": "SMAD4", "GADD45A": "MAPK14", "PITX2": "LEF1", "RBX1": "NFKB2", "ING1": "CASP3", "E2F6": "APAF1", "APAF1": "CASP9", "BAX": "COX5B", "CSNK1A1": "FOXO4", "CUL1": "CDKN1B", "KPNB1": "SMAD3", "CDKN2AIP": "TP53", "PPM1A": "IKBKB", "E2F7": "SP1", "PTEN": "SHC1", "ATF1": "MITF", "WEE1": "CDK2", "ARRB1": "DVL2", "SDC4": "RAC1", "EZH2": "SATB1", "ITGB3": "CSK", "NRG1": "ERBB2", "GATA4": "NOS3", "ETS1": "TGFBR2", "IFI16": "MYC", "HDAC2": "TWIST1", "PTPN6": "ACTN1", "CASP9": "VIM", "CDK6": "PRDX1", "FBXO5": "ANAPC7", "NOTCH1": "RBPJ", "MLH1": "PMS2", "VHL": "VEGFA", "RAB1A": "ULK1", "ATF4": "VEGFA", "ATRIP": "BRCA1", "BMF": "BCL2L2", "VCPIP1": "VCP", "DTL": "KMT5A", "GNAI1": "RAC1", "LATS1": "WWTR1", "FLT3": "CTNNB1", "RAF1": "MAP4K1", "USP7": "PPARG", "RPA2": "ATRIP", "ESCO1": "RAD21", "ARID3A": "PML", "CDKN1B": "CCND3", "CC2D1A": "RAD21", "GRB2": "MAP4K1", "EIF4B": "EIF4A1", "TFAP2A": "VEGFA", "FHL2": "CDKN1B", "CDK9": "NCOA2", "PKN2": "CDC25B", "PCNA": "REV3L", "TLN1": "ITGB2", "BUB1B": "CDC20", "AKT1": "THRA", "MITF": "PPARGC1A", "PDGFRB": "FER", "HDAC3": "CDKN2A", "DOCK1": "RAC1", "BID": "CYCS", "BAK1": "DIABLO", "FLNA": "MAP2K4", "CREB1": "SNAI2", "IRF7": "ATF4", "AURKA": "PIN1", "CASP6": "PSEN2", "UBE2N": "PCNA", "MAP1LC3A": "SQSTM1", "FOXM1": "CDKN2A", "UBE4B": "PTTG1", "TIAM1": "RAC1", "PGR": "E2F1", "FAS": "CASP8AP2", "BRCA1": "VEGFA", "YY1": "TOP3A", "KHDRBS1": "CREBBP", "WWOX": "SMAD4", "PPP2R5C": "ATF1", "CDK5": "DPYSL2", "SREBF1": "LRP1", "ANP32A": "CASP9", "PAX3": "BCL2L1", "VDR": "TPT1", "APC": "SGK1", "ZBTB17": "CDKN1A", "UHRF1": "RB1", "TNFRSF10B": "TRADD", "FGFR4": "STAT3", "BUB1": "SMC1A", "MAPK3": "ZFP36", "TBL1X": "CTNNB1", "RBBP7": "CDH1", "ZFYVE9": "SMAD2", "CDK2": "LMNB1", "CTCF": "PAX6", "MUC1": "KLF4", "EGLN3": "BCL2L11", "RIN1": "NRAS", "GRB14": "INSR", "CCND3": "CCNE1", "MAX": "ODC1", "AMOTL2": "SRC", "RXRG": "NR4A2", "EGFR": "TRIP13", "JUNB": "BCL2L1", "PEA15": "MAPK3", "CDKN1A": "FEN1", "TFCP2": "PAX6", "MCM10": "POLA1", "ACTN1": "PLD1", "PERP": "NFKB1", "SUMO1": "CTBP1", "COP1": "CEBPB", "IL6ST": "GAB2", "MCL1": "BAK1", "UVRAG": "PIK3C3", "HTT": "PAK2", "SOS1": "NRAS", "BIRC5": "CASP9", "ZBTB4": "CDKN1A", "ERRFI1": "ERBB2", "JUN": "MEF2D", "UIMC1": "MDM2", "XPC": "RNF111", "RANBP2": "CDKN1B", "MAPK6": "NCOA3", "PIDD1": "CASP2", "NFKBIA": "TRAF1", "MTA1": "SNAI2", "RAD51": "SP1", "ESPL1": "SMC1A", "SYK": "PTK2B", "MAD2L1": "CDC20", "ERBB3": "PIK3CG", "GABARAPL1": "SQSTM1", "DIABLO": "BIRC3", "XRCC5": "ETS1", "NCK1": "SOS1", "TSC1": "RHEB", "CASP2": "RIPK1", "RIPK2": "IRF5", "TP53INP1": "MAP1LC3A", "TP53RK": "TP53", "ASF1B": "CHAF1B", "TWIST1": "YBX1", "ASF1A": "EP300", "HDAC6": "ELAVL1", "THRA": "GATA2", "STIM1": "TRPC1", "MAPK14": "RARA", "PRKAB1": "IRS1", "CDC42": "GSK3B", "EGLN2": "FOXO3", "PRKACA": "RARA", "ETV6": "MAD2L1", "JUND": "MYB", "ELAVL1": "MDM2", "NFE2L2": "CFTR", "CBL": "ZAP70", "RUNX2": "VEGFA", "CCND1": "CDK4", "SLC9A1": "EZR", "HELLS": "DNMT1", "TAX1BP1": "TNFAIP3", "SUZ12": "TWIST1", "MAP3K14": "NCK1", "IKBKE": "ESR1", "PAX6": "MET", "CEBPA": "SOCS3", "E2F3": "AURKA", "SMARCB1": "CDKN2A", "RHOA": "MSN", "SOCS6": "KIT", "PRC1": "KIF23", "CDT1": "MCM2", "CDK1": "ZYX", "CDK7": "POU5F1", "IRF9": "PML", "FYN": "PLD2", "MVD": "RAC1", "TP53BP1": "RIF1", "SMAD3": "DAPK1", "PML": "UBA7", "FOXO1": "EGR1", "HMGA1": "XPA", "ZFP36L1": "VEGFA", "ETS2": "MDM2", "ERBB4": "PIK3CG", "NFKBIB": "NFKB1", "HTRA2": "PEA15", "XBP1": "HSPA5", "TNFRSF10A": "TRADD", "MED14": "STAT2", "ULK1": "GABARAP", "TBP": "NF1", "HSPA8": "RNF5", "SNAI2": "VDR", "SUN1": "NXF1", "HSP90AB1": "CBLL1", "TRADD": "FADD", "WAC": "PLK1", "FLT1": "PLCG1", "AMOT": "WWTR1", "CASP10": "RIPK1", "GSTP1": "TRAF2", "PTPA": "AKT3", "TP73": "PMAIP1", "TCF7": "LEF1", "ARF6": "PIP4K2A", "NOD1": "MAPK8", "KRAS": "TCF3", "STAT5B": "BCL6", "CDC25A": "MAPK3", "CRADD": "CASP2", "KAT5": "ERCC1", "PIAS3": "MUC1", "CD19": "PIK3R1", "HSPD1": "BAX", "MAP1LC3B": "SQSTM1", "NRIP1": "PPARA", "KRT18": "TRADD", "APOA1": "ABCA1", "RNF111": "AP2M1", "SATB1": "SPI1", "TGFB1": "PIK3R1", "DAB2IP": "STAT3", "LATS2": "YWHAG", "HSPB1": "AR", "E2F2": "EED", "ANAPC1": "CTNNB1", "SP1": "INSR", "ERCC8": "XPA", "CEBPB": "XBP1", "PRKAA1": "DNMT1", "CDH1": "ARPC1B", "FOXO4": "HIF1A", "LRP5": "AXIN1", "WASL": "ARPC1B", "KDR": "PTK2", "RASA1": "CAV2", "YAP1": "RUNX2", "PTPN11": "HOXA10", "GNA13": "RHOA", "AP2M1": "EGFR", "RAD21": "RUNX1", "IRS1": "ATM", "CTNNB1": "STARD7", "MUTYH": "ATR", "PRKAR1A": "PRKACA", "KIF4A": "PRC1", "NFYA": "SP3", "CSK": "IRS1", "FZR1": "PFKFB3", "SOX2": "NTRK3", "RET": "MAPK1", "MED1": "AURKA", "RAP1GAP": "RAP1A", "MYD88": "TRAF3", "HSF2": "HSPA4", "PAXIP1": "ATM", "TNKS2": "TERF1", "CYLD": "TRAF2", "SNCB": "TP53", "CDCA5": "SMC3", "PKMYT1": "CDK1", "NF1": "MYC", "DVL2": "RBPJ", "PPP1R14A": "PPP1CB", "RACGAP1": "RAC1", "NFKBIE": "NFE2L2", "HEXIM1": "CCND1", "RAP1B": "BRAF", "PIN1": "XPO5", "STAG2": "RAD21", "DVL3": "RAC1", "TOPORS": "TP53", "ING4": "SKP2", "MAD2L1BP": "TRIP13", "HSF1": "POLK", "PTPN12": "PIN1", "BORA": "AURKA", "TANK": "TRAF2", "DVL1": "PI4K2B", "ROCK2": "NOS3", "LRRK2": "RAB8A", "CEP192": "AURKA", "DAPK1": "PIN1", "NUP153": "SMAD3", "ATG7": "ATG5", "MRE11": "PIH1D1", "EVI5": "FBXO5", "TBK1": "IKBKB", "ECT2": "CDC42", "SNCA": "VAMP2", "PTK2B": "CTTN", "PPP1CB": "AKT1", "MEF2D": "JUN", "BTK": "NFKBIA", "DUSP3": "ERBB2", "NRAS": "PIK3CG", "MEF2A": "JUN", "SSH1": "CORO1B", "IL15RA": "JAK1", "ABL2": "WASL", "YWHAH": "CDKN1B", "PRKD1": "MBP", "FAM83G": "CD2AP", "PKD2": "TRPC1", "ZAP70": "DUSP3", "INSR": "STAT5A", "ITGAE": "CSK", "PRKCA": "YWHAH", "MAP4K1": "LCP2"}