{"ESR1": "ZEB1", "XPO1": "TP53", "TP73": "CDKN1A", "GRB2": "GAB2", "EP300": "APEX1", "ARRB2": "INPP5D", "HIF1A": "ZNF217", "CDT1": "MCM2", "HSF1": "POLK", "XRCC3": "RAD51", "ELAVL1": "MDM2", "ACTB": "PLD1", "PTPN6": "KIT", "CDK4": "PRDX1", "IGF1R": "CTTN", "MAX": "ODC1", "SP1": "SLC29A1", "SMAD3": "RUNX2", "AATF": "MYC", "VHL": "SPARC", "CDC25A": "RAF1", "SUN1": "NXF1", "ING4": "SKP2", "ATM": "SMARCC2", "CEP192": "AURKA", "CUL1": "ARIH1", "FBXO5": "FZR1", "GATA2": "AR", "BARD1": "ESR1", "NUP153": "SMAD3", "ARRB1": "ADRB2", "CDK2": "NR3C1", "IRF4": "BCL6", "PTPN12": "PIN1", "PLK1": "ROCK2", "CASP3": "PIP5K1A", "PRKDC": "AKT1", "BLM": "TP53", "ATF4": "SIRT2", "KAT5": "ULK1", "MSH2": "BLM", "PPP2R5C": "BCAR1", "DAPK1": "PIN1", "ANAPC1": "CTNNB1", "CDKN1A": "FEN1", "KAT7": "MCM2", "PIN1": "XPO5", "RAP1GAP": "RAP1A", "RAC1": "TESK1", "FANCM": "BHLHE40", "NOTCH1": "TCF3", "NFYC": "CCND2", "KAT2B": "CDKN1B", "HSPB1": "AR", "TP53": "UHRF1BP1", "MRE11": "PIH1D1", "ATG7": "ATG5", "UBE4B": "PTTG1", "IKBKB": "CD44", "BRCA1": "SIRT1", "TFAP4": "MDM2", "FBXW7": "ZNF322", "TP53BP1": "TP53", "HEXIM1": "CCND1", "TFAP2A": "VEGFA", "MYC": "WRN", "BMI1": "CDKN2A", "HSF2": "HSPA4", "CHEK1": "NFKB1", "GSK3B": "SMARCC2", "RAD21": "RUNX1", "PARP1": "CDH1", "CDK9": "SMAD3", "DCTN6": "PLK1", "DVL2": "RBPJ", "RAP1B": "BRAF", "CREBBP": "WRN", "RAF1": "MAP4K1", "MAD2L1BP": "TRIP13", "RACGAP1": "RAC1", "CDC34": "NFKBIA", "CHEK2": "KIT", "UBE2A": "PCNA", "HDAC4": "CDKN2A", "RUNX1": "NF1", "BRCA2": "POLH", "JAK2": "GAB2", "CASP8": "PAK2", "ASF1A": "EP300", "NFE2L2": "PRDX1", "HNRNPK": "EIF4E", "SRSF1": "NFKB1", "PDPK1": "PRKCE", "CASP7": "PSEN1", "RHOA": "KTN1", "SNCA": "VAMP2", "ROCK2": "NOS3", "SNCB": "TP53", "FOXM1": "CDKN2A", "EIF4E": "SMAD3", "TERF2": "WRN", "PAXIP1": "ATM", "ERG": "VIM", "ATF5": "BCL2", "CTNNB1": "VIM", "NFYA": "OGG1", "TOPBP1": "CDC45", "TBP": "NF1", "BCL2L11": "VDAC1", "RELA": "MUC2", "NPM1": "PTPN6", "HIPK2": "CREB1", "NF1": "MYC", "CTCF": "BCL6", "DDB2": "XPC", "BORA": "AURKA", "PML": "NR4A1", "ECT2": "CDC42", "EVI5": "FBXO5", "MDM2": "DNMT3A", "CDK6": "PRDX1", "CDK5": "NOS3", "CDK1": "RUNX2", "JUNB": "PTGS2", "MLH1": "PMS2", "CDC42": "MAP3K11", "CASP6": "PSEN2", "HDAC3": "CDH1", "AXIN1": "MAP3K1", "IGF2BP1": "ACTB", "DVL1": "PI4K2B", "SHC1": "INPP5D", "BCL6": "ATR", "FANCL": "FANCI", "MDM4": "TP53", "JUN": "NEFL", "NUMB": "TP53", "HDAC2": "TWIST1", "CLSPN": "UBE2B", "CDKN2AIP": "TP53", "PTTG1": "VEGFA", "GTF2I": "HSPA5", "YY1": "VEGFB", "FOXO3": "BNIP3L", "NFKBIE": "NFE2L2", "RBPJ": "HES1", "CDK7": "AR", "RB1": "EBNA1BP2", "AURKA": "PARD3", "ERCC5": "PCNA", "TNKS2": "TERF1", "TOPORS": "TP53", "BRAF": "MAP4K1", "AR": "CASP2", "KAT2A": "SMAD2", "E2F1": "ULK1", "PCNA": "REV3L", "APC": "DNMT1", "MSH6": "BLM", "TP63": "VDR", "HDAC1": "RHOB", "GATA4": "NOS3", "NFKB1": "SNAI1", "CDKN2A": "HUWE1", "CASP9": "LYN", "MAPK8": "MAP3K11", "ROCK1": "VIM", "FHL2": "CDKN1A", "ZMIZ1": "NOTCH1", "SNW1": "RBPJ", "DHX9": "NUP98", "CEBPB": "INSR", "DLG4": "DLGAP1", "DLGAP1": "NOS1", "SIRT1": "XPC", "RBMX": "TXNIP", "CTSS": "BID", "FOS": "SRR", "ILF3": "BIRC5", "JUND": "MDM2", "ARHGEF7": "CDC42", "STAT6": "TLR4", "FYN": "LCK", "NONO": "TOP1", "SPI1": "TLR4", "ATF2": "GADD45A", "PEBP1": "RAF1", "DDX17": "ESR1", "SIRT2": "KAT2B", "CSDE1": "FOS", "SFPQ": "CXCL8", "PABPC1": "EIF4E", "MCL1": "BECN1", "XRCC6": "BAX", "DDX3X": "SP1", "NR4A1": "TIMP2", "FUS": "PA2G4", "BCL2": "XRCC6", "DDX5": "AR", "MAPK1": "GORASP1", "TRIB3": "ATF4", "EGR1": "HIF1A", "PA2G4": "E2F1", "DDIT3": "SIRT2", "E2F3": "AURKA", "SIK1": "TP53", "SFN": "SNAI1", "DDR1": "SHC1", "SIVA1": "BCL2L1", "ILK": "NACA", "NEUROD1": "CDKN1A", "PRKCE": "VIM", "IFI16": "MYC", "EIF2B1": "EIF2S1", "GLI2": "TNFRSF10B", "ULK1": "DYNLL1", "MET": "GLMN", "NFATC3": "CTSD", "PAX5": "CCND1", "EIF2B2": "EIF2S1", "HTT": "PAK2", "CRTC3": "BCL3", "DNMT1": "VEGFA", "PTK2": "TRIO", "CASP1": "AR", "KLF5": "NOTCH1", "PMS2": "TP73", "MARK3": "CDC25C", "INSR": "STAT5A", "HACE1": "CCND1", "ABL1": "BCL6", "ETS1": "CASP1", "GLI1": "TNFRSF10B", "VDR": "EGFR", "GADD45A": "MAP2K4", "GIT1": "MAP2K1", "EIF2B4": "EIF2S1", "CTBP1": "BRCA1", "KPNA2": "CHEK2", "CRTC1": "PPARGC1A", "STK11": "PAK1", "EIF2B5": "EIF2S1", "DDB1": "E2F1", "PIAS1": "MUC1", "SREBF1": "PDX1", "SNAI1": "VDR", "SRC": "SPTAN1", "AKT1": "GAB2", "MARK1": "DVL3", "GAPDH": "POU2F1", "POU2F1": "GADD45A", "EIF2B3": "EIF2S1", "CRTC2": "NR3C1", "ETV4": "VIM", "NFYB": "CDKN1B", "ATF3": "GDF15", "ARHGDIA": "RAC1", "HDAC7": "CDKN1A", "CDH1": "ITGAE", "PDGFRB": "NCK2", "MFF": "DNM1L", "CREB1": "SNAI1", "KIF4A": "PRC1", "CAV1": "LRP6", "NR2C2": "ESR1", "PSEN1": "NOTCH1", "ID2": "SNAI1", "MARK2": "EIF2S1", "MAP2K1": "IRS1", "COP1": "CEBPB", "BCL3": "EGFR", "SIK2": "IRS1", "XPC": "RNF111", "PTPA": "AKT3", "PIAS3": "MUC1", "HNF4A": "MYC", "HSPA8": "CFTR", "PAK2": "CASP7", "RASSF1": "CDC20", "AKT3": "STK3", "EZH2": "CIITA", "HDAC5": "SLC2A1", "NF2": "LATS2", "UHRF1": "RB1", "PPM1A": "IKBKB", "MAML1": "TP53", "SIK3": "CRTC2", "PAK1": "BCL6", "SIAH1": "NOTCH1", "PTEN": "PPM1A", "STAT3": "JUNB", "E2F7": "SP1", "STAT5A": "BCL6", "ARHGEF2": "RAC1", "PRKAB1": "NOS3", "RBBP7": "CDH1", "HNRNPD": "GADD45A", "MAP3K1": "MAP2K2", "SMAD7": "MET", "PRKAA1": "GBF1", "FOXO1": "MAML1", "NR3C1": "CDKN1A", "PERP": "NFKB1", "LATS2": "SNAI1", "ARID3A": "PML", "NCK2": "PAK1", "TRAF6": "HK2", "EIF4G2": "BCL2", "IRAK3": "IRAK4", "IRAK1": "IRAK2", "ECSIT": "MAVS", "IL1R1": "MAPK9", "MAP3K14": "STAT3", "MAP3K5": "CDKN1A", "GRIPAP1": "MAPK8", "TRIO": "RHOA", "PELI3": "IRAK1", "UBE2N": "MAP3K7", "MAPK14": "RUNX2", "MAPK9": "MYC", "BCAR1": "SMAD3", "KDM4C": "AR", "LYN": "MAP4K1", "GSN": "CASP9", "RIPK2": "IRF5", "MYB": "BCL2", "MAP4K1": "MAPK1", "MAP3K7": "EIF4B", "GNAI3": "TNFAIP8", "GNAI1": "TNFAIP8", "SMARCA4": "FOS", "RUNX2": "VEGFA", "CREB5": "JUN", "HUWE1": "MYC", "CDK3": "JUN", "XPA": "ERCC4", "XBP1": "ESR1", "CREM": "FOS", "RNF111": "SMAD3", "ZEB1": "MUC1", "ATR": "SMARCC2", "MAP2K4": "MAPK14", "CDC73": "CPSF3", "APEX1": "NFKB1", "ARIH1": "EIF4E2", "CAND1": "CUL4A", "NEDD8": "CUL2", "FBXW8": "CCND1", "CUL3": "ARIH1", "ZNF217": "CDH1", "CUL2": "ARIH1", "CUL4A": "ARIH1", "ENO1": "MYC", "TWIST1": "MDM2", "CBL": "ZAP70", "GAB2": "PIK3CA", "ZAP70": "GAB2", "IL2RB": "SHC1", "YAP1": "RUNX2", "LCK": "ABL1", "GNAS": "SRC", "GNB2": "STX3"}