{"TP53": "UHRF1BP1", "CREB1": "SNAI2", "APC": "SGK1", "BCOR": "HDAC5", "LCK": "ABL1", "MST1": "STK4", "SFN": "SNAI1", "CDK1": "ZYX", "BRCA2": "POLH", "CEBPB": "XBP1", "SKI": "MDM2", "AURKA": "NFKBIA", "HNRNPK": "TK1", "KRT18": "TRADD", "TBL1X": "CTNNB1", "ESCO1": "RAD21", "SUMO1": "CTBP1", "EGLN2": "FOXO3", "KLF11": "SIN3A", "GABARAPL1": "SQSTM1", "SH3RF1": "MAPK8", "ACTB": "ABL1", "HSP90AA1": "FLCN", "NCOR2": "CTBP1", "MYCN": "TP53INP1", "RASSF1": "MST1", "SIRT1": "XPC", "ETS2": "MDM2", "VCP": "AURKA", "PTPN11": "HOXA10", "IFI16": "MYC", "PAX5": "TP53", "YAP1": "RUNX2", "PPARG": "CFLAR", "ATF2": "GADD45A", "PKN1": "MAPT", "STAT5A": "SUMO1", "FBXW7": "DAB2IP", "PALB2": "POLH", "UBE2N": "PCNA", "UBE4B": "PTTG1", "BIRC2": "RIPK1", "VDR": "TPT1", "KAT2A": "SMAD7", "JUND": "MYB", "GTF2I": "SIRT1", "DDX3X": "SP1", "BAX": "DIABLO", "SP3": "YY1", "RNF111": "SMAD3", "PTPA": "AKT3", "CTSD": "APP", "FANCD2": "BRCA2", "SOX2": "VIM", "RECQL4": "POLB", "ETS1": "TFAP2A", "MXD1": "PTEN", "MAPK14": "RARA", "SQSTM1": "KEAP1", "LATS2": "YWHAG", "BUB1": "CENPE", "ITGB2": "CSK", "PPP2CA": "PRKACA", "CDK9": "NCOA2", "NR3C1": "CDKN1A", "ID2": "SNAI1", "HDAC5": "YY1", "FOXO3": "PRDX3", "AATF": "MYC", "LYN": "PDGFRB", "HMGA2": "CDH1", "BNIP3L": "GABARAPL1", "CTNNB1": "STARD7", "TCF12": "CDH1", "ITGB7": "CSK", "BCAR1": "SMAD3", "IRF4": "IRF3", "PIM1": "FZR1", "ASF1B": "CHAF1B", "CHEK2": "KIT", "TPX2": "KIF11", "ENO1": "MYC", "PTK2": "TRIO", "CKS2": "CENPE", "MLH1": "PMS2", "BNIP2": "CDC42", "ASF1A": "EP300", "FOXM1": "CDC6", "TSC2": "RAP1A", "ID3": "TCF3", "CFLAR": "FADD", "AXL": "PIK3CG", "ZFP36": "VEGFA", "MOB1B": "LATS1", "XBP1": "ESR1", "SREBF1": "LRP1", "MUTYH": "ATR", "PAK1": "BCL6", "FHL2": "CDKN1B", "CDK3": "JUN", "STIM1": "TRPC1", "HSPB1": "AR", "RBL1": "BRCA1", "SRC": "SIRT2", "YBX1": "TYMS", "DTL": "KMT5A", "PTPN1": "KRT8", "TRIP11": "THRA", "PITX2": "LEF1", "OS9": "EGLN3", "UIMC1": "MDM2", "NLK": "NOTCH1", "CENPE": "BUB1B", "SH2B2": "VAV2", "MAP3K5": "CDKN1A", "CBX4": "CTCF", "HIF1A": "ZNF217", "PSEN1": "NOTCH1", "WWTR1": "BAX", "ERCC8": "XPA", "PERP": "NFKB1", "SUZ12": "TWIST1", "KPNB1": "SMAD3", "PIAS3": "MUC1", "KIT": "GRB7", "PER2": "TWIST1", "RANBP2": "CDKN1B", "UHRF1": "RB1", "EP300": "HINFP", "FANCM": "TOPBP1", "SREBF2": "LRP1", "EEF1A1": "PLCG1", "BAD": "BCL2L2", "KMT5A": "TP53", "NMI": "STAT1", "CDK5": "AGAP2", "PARP1": "H2AZ1", "TP53BP2": "TP53", "SIRT2": "CDKN1A", "AKT3": "BMI1", "FLT3": "GRB10", "RBL2": "RAD51", "IRS1": "NCK1", "ZBTB16": "SOX9", "FGFR1": "AMOTL2", "MCL1": "BAX", "SP1": "SOX9", "AMOT": "WWTR1", "ITGA6": "CSK", "ERBB3": "GRB7", "NR4A2": "NR3C1", "TNFRSF10A": "TRADD", "CIITA": "HLA-C", "PTEN": "PPM1A", "LATS1": "WWTR1", "DDB2": "SOD2", "HTT": "PAK2", "USP7": "PPARG", "MECP2": "ESR1", "CTNNBIP1": "CTNNB1", "NUMB": "GLI1", "RB1": "EBNA1BP2", "HSPA8": "RNF5", "NFKB1": "SNAI1", "IGF2BP1": "ACTB", "BCL6": "SUMO1", "GSK3B": "ZYX", "RBBP7": "CDH1", "PRKAB1": "IRS1", "PCNA": "REV3L", "SOCS3": "RASA1", "MVD": "RAC1", "HDAC1": "RECQL4", "CSNK2B": "TBP", "RIPK2": "IRF5", "VCPIP1": "VCP", "CDT1": "MCM2", "SATB1": "SPI1", "RIPK1": "DAB2IP", "ZFP36L1": "VEGFA", "GRK2": "TP53", "TAX1BP1": "TNFAIP3", "IRF5": "PDLIM7", "RUNX2": "VEGFA", "NFYB": "FXR2", "TCF3": "POU5F1", "JUN": "SMAD7", "TFCP2": "PAX6", "ITGA3": "CSK", "ITGAV": "CSK", "FOS": "SMAD7", "CASP2": "RIPK1", "CDK6": "PRDX1", "HIPK2": "VIM", "ITGA4": "CSK", "ID1": "AKT1", "PADI4": "NPM1", "YY1": "VEGFB", "SMAD7": "MET", "MAP1LC3A": "SQSTM1", "CD2AP": "ACTB", "NPM1": "PTPN6", "E2F7": "SP1", "TFDP1": "NRIP1", "MUC1": "KLF4", "ESR1": "NRF1", "FBXO5": "FZR1", "EIF4B": "EIF4A1", "A2M": "LRP1", "HNF1A": "ESR1", "HSPD1": "BAX", "WWOX": "SMAD4", "SMARCA4": "FOS", "RUNX1": "MAD2L1", "EIF4E": "SMAD4", "MAPK8": "SF3B1", "GDF15": "ERBB2", "BCL2L2": "BIK", "SLBP": "H3-3B", "HDAC7": "AKAP12", "EIF2AK2": "CDK1", "TLN1": "ITGB2", "BNIP3": "RHEB", "NRIP1": "RARA", "DLX5": "MYC", "ATM": "HERC2", "SIAH2": "VAV2", "XPC": "RNF111", "PGR": "FOXO1", "DIABLO": "BIRC3", "TLK2": "ASF1A", "SMAD4": "MEF2A", "ANAPC1": "CTNNB1", "TRIO": "RHOA", "ELAVL1": "MDM2", "E2F2": "EED", "MYB": "TK1", "FANCC": "BLM", "BIK": "BCL2L1", "KHDRBS1": "CREBBP", "MAPK6": "NCOA3", "POU5F1": "ITGA6", "TERF2": "WRN", "CKS1B": "CDK1", "RNF5": "PXN", "NFYA": "SP3", "MCM10": "POLA1", "RXRG": "THRA", "TP63": "VDR", "MAPK3": "NUP50", "GNB2": "GRK2", "CDC7": "ESCO1", "CRADD": "CASP2", "CASP8AP2": "NFKB1", "USP37": "FZR1", "HNF4A": "LDLR", "FLT1": "PLCG1", "ITGB1": "CSK", "ZBTB17": "CDKN1A", "CEBPA": "SOCS3", "AMOTL2": "SRC", "GNAI2": "LYN", "CAV1": "SLC1A3", "KAT2B": "GLI1", "POLH": "REV1", "IL6ST": "GAB2", "FER": "CTTN", "HMGA1": "XPA", "PAX3": "BCL2L1", "CSNK1A1": "FOXO4", "KAT7": "MCM2", "PPP1CA": "NOS3", "HSP90AB1": "CBLL1", "STAT3": "ZFP36", "PPP1R13B": "TP53", "EIF4G2": "BCL2", "DNMT1": "TNFRSF10B", "UBE2A": "PCNA", "NOTCH1": "TCF3", "RAB1A": "GOLGA2", "CHUK": "IRF5", "PER1": "BCL2", "PPM1A": "IKBKB", "SMAD2": "MEF2A", "BCL3": "EGFR", "CLSPN": "UBE2B", "FAS": "CASP8AP2", "MED1": "AURKA", "CASP3": "PPP2R5C", "PKN2": "CDC25B", "CREBBP": "HINFP", "E2F3": "AURKA", "E2F6": "APAF1", "CARD8": "APAF1", "TFAP4": "HDAC1", "PRKAA1": "DNMT1", "SYK": "MAPT", "STK3": "RCC1", "TRAF6": "MYB", "ARID3A": "PML", "TCF7L2": "STARD7", "RELA": "UPP1", "RARA": "SCD", "XRCC3": "RAD51", "NDRG1": "RAB4A", "MAP3K14": "NCK1", "RAB7A": "PIK3C3", "BAK1": "DIABLO", "IRF9": "PML", "KLF4": "VDR", "PDGFRA": "RASA1", "CASP8": "PAK2", "CSNK2A1": "BIK", "MAX": "ODC1", "MET": "RANBP9", "TNFAIP3": "BECN1", "PHB2": "ARNT", "CC2D1A": "RAD21", "NFE2L2": "CFTR", "PMAIP1": "GMCL1", "BID": "DIABLO", "GATA2": "NOS3", "GAPDH": "APEX1", "NCOA2": "PPARG", "MAP1LC3B": "SQSTM1", "ERF": "ETS2", "TRADD": "BIRC2", "JUNB": "BCL2L1", "REV1": "REV3L", "EGR1": "UBE2S", "HOXA10": "TP53", "HDAC4": "VEGFA", "GSK3A": "NIFK", "BARD1": "ESR1", "TP73": "UVRAG", "CDKN2AIP": "TP53", "CUL1": "CTNNB1", "TCF4": "VIM", "STIP1": "HSP90AB1", "PMS2": "TP73", "MTA1": "SNAI2", "XRCC1": "POLB", "FOXO1": "ADIPOR1", "FOXO4": "HIF1A", "PPARA": "NFKBIA", "VHL": "TFRC", "CDK7": "POU5F1", "BRCA1": "STAT2", "HRAS": "SDC2", "ITGA5": "CSK", "SNAI1": "VDR", "SPI1": "PEBP1", "CTCF": "PAX6", "PEA15": "MAPK3", "GABARAPL2": "SQSTM1", "BMF": "BCL2L1", "PIDD1": "CASP2", "HELLS": "DNMT1", "CDK4": "MEF2A", "WAC": "PLK1", "NR4A3": "PPARG", "PIAS1": "MUC1", "RXRA": "NOL7", "KHSRP": "CDKN1A", "CDC34": "NFKBIA", "THRA": "GATA2", "STK4": "LATS1", "PRKACA": "NDE1", "IGF1R": "PIK3C2A", "ATF3": "LDLR", "HDAC2": "TWIST1", "SIAH1": "NOTCH1", "ATF1": "MITF", "ETV6": "MAD2L1", "BIRC3": "MAP3K14", "IKBKE": "ESR1", "PML": "UBA7", "RHEB": "PLD1", "CDKN1A": "FEN1", "PRKAR1A": "PRKACA", "RHOA": "PTPN1", "SGK1": "FBXW7", "MAPK9": "NR3C1", "TIMP2": "LRP2", "TWIST1": "YBX1", "PRC1": "KIF23", "KIF4A": "PRC1", "DAB2IP": "STAT3", "E2F1": "WWOX", "IRF1": "DST", "CDC20": "UBE2S", "PLCG1": "DAG1", "CHEK1": "H3-3B", "SMAD3": "VDR", "SPHK2": "HDAC2", "MDM2": "DNMT3A", "KREMEN2": "LRP6", "PTTG1": "VEGFA", "DDR1": "SHC1", "CTBP1": "BRCA1", "MST1R": "MET", "CDH3": "CTNNB1", "PAK2": "VIM", "IER3": "PPP2R5C", "CASP1": "SPHK2", "BLM": "TP53", "GRB10": "PIK3CA", "HDAC3": "CDH1", "FADD": "ATG5", "REL": "TNFAIP3", "TRAF2": "ZFP36", "NFYC": "FXR2", "MCPH1": "BRCA1", "BCL2L11": "BCL2L2", "CSK": "IRS1", "MOB1A": "LATS1", "MSH2": "ATR", "ANP32A": "CASP9", "DDIT3": "SIRT2", "UVRAG": "PIK3C3", "RUNX3": "TIMP1", "GATA4": "NOS3", "MAP3K8": "PLK1", "ING1": "CASP3", "XPA": "CEP164", "SRSF1": "NFKB1", "MBD2": "GSTP1", "ITGB3": "CSK", "TFAP2A": "VEGFA", "TBP": "BCL2", "ILF3": "BIRC5", "CASP10": "RIPK1", "MYC": "WRN", "SNAI2": "VDR", "ATR": "SMARCAL1", "KAT5": "GMPS", "XRCC6": "UBE2S", "PPM1D": "MAPK14", "MIF": "SOD1", "CASP7": "PARP1", "ACTN1": "PLD1", "AR": "FKBP5", "FZR1": "PFKFB3", "MAPK1": "TP53BP2", "DDB1": "E2F1", "VEGFA": "NRP1", "ABL1": "FOXO3", "XRCC5": "ETS1", "AURKB": "YY1", "MITF": "PPARGC1A", "SETD2": "STAT1", "INCENP": "PLK1", "WRN": "POLD4", "MSH6": "BLM", "RAD21": "RUNX1", "PPP2R5C": "ATF1", "COP1": "CEBPB", "APEX1": "RELA", "BCL2": "XRCC6", "PDGFRB": "FER", "NRF1": "PRDX3", "PIK3C3": "PTEN", "EZH2": "SATB1", "LIMD1": "HIF1A", "ZBTB4": "CDKN1A", "FYN": "SDC4", "TP53BP1": "HDAC4", "E2F8": "E2F1", "CDH1": "ANAPC11", "CDK2": "LMNB1", "NR4A1": "TIMP2", "FANCL": "FANCI", "ERCC5": "PCNA", "AKT1": "THRA", "DCTN6": "PLK1", "TNFRSF21": "TRADD", "PLK1": "TP73", "CLK2": "PTPN1", "SMAD1": "SMAD4", "TNFRSF10B": "TRADD", "SAV1": "STK4", "CASP6": "PSEN2", "SKP2": "DAB2IP", "PRKDC": "LIG4", "FLI1": "TGFBR2", "TP53RK": "TP53", "ETV4": "VIM", "PTPN6": "STAT5A", "IL2RB": "SHC1", "AXIN1": "RNF111", "NCOR1": "SNAI2", "HTRA2": "PEA15", "RABGGTA": "RAB5A", "CCP110": "CETN2", "TP53INP1": "MAP1LC3A", "STAT1": "UPP1", "GOLGA2": "GORASP1", "PDPK1": "PLK1", "MEF2C": "NR4A1", "PAX6": "MET", "PDK1": "PRKACA", "TOPBP1": "POLA1", "ZNF217": "CDH1", "TRRAP": "MITF", "RPS6KB1": "TP63", "MED14": "STAT2", "JAK2": "ITGB2", "UBXN2B": "AURKA", "ATF4": "SIRT2", "H2AX": "KAT2A", "MDC1": "NBN", "SIX1": "CDH1", "EYA1": "H2AX", "RFWD3": "TP53", "WDHD1": "CLSPN", "HERC2": "XPA", "TELO2": "ATM", "GMPS": "TP53", "KMT2A": "MYC", "HUWE1": "TP53", "PSMA6": "XBP1", "SOX9": "CDKN1A", "KPNA2": "IRF3", "IRF2": "DST", "NR1H4": "VEGFA", "HDAC6": "HSP90AA1", "HINFP": "PRKDC", "BRIP1": "BRCA1", "AHR": "PCNA", "DDX17": "ESR1", "DDX5": "AR", "TDG": "AR"}